EmployeeID,Age,Salary,Bonus %,YearsExperience,PerformanceScore,Department,Gender,JobLevel
2724,27,57990,7.98,15,9,Finance,Other,Senior
1539,42,137332,19.73,30,7,Engineering,Other,Senior
2607,42,82327,13.14,6,3,Sales,Female,Lead
2994,24,62983,15.3,20,2,Sales,Other,Mid
1647,35,52669,17.02,26,3,Finance,Female,Senior
2824,52,87505,10.61,30,3,Marketing,Other,Lead
2720,26,98703,19.08,31,9,Operations,Female,Entry
2085,31,110404,9.68,15,5,Sales,Other,Mid
2929,26,34426,19.93,28,9,Marketing,Female,Senior
1198,53,120900,6.88,27,9,Finance,Female,Entry
1312,28,107811,11.76,30,1,Marketing,Female,Senior
2037,24,127136,14.25,0,2,Finance,Female,Entry
1094,44,129942,18.53,14,2,Marketing,Male,Mid
2872,49,81813,8.65,33,7,HR,Male,Mid
1043,29,37967,15.98,21,6,Engineering,Male,Senior
1011,45,35656,19.24,20,3,Engineering,Male,Senior
2041,55,84306,16.84,4,2,Sales,Other,Senior
2736,25,49008,7.94,0,6,HR,Other,Entry
1252,24,35439,7.8,27,1,Finance,Female,Lead
1274,38,108040,16.78,11,4,Finance,Male,Entry
2945,44,117265,18.04,6,8,Engineering,Other,Mid
2907,48,47908,18.99,29,6,Finance,Other,Lead
2709,33,37016,5.17,2,3,Finance,Male,Entry
2900,29,144397,14.54,0,8,Operations,Male,Senior
1517,40,105054,11.98,15,9,Operations,Female,Lead
2868,43,112594,9.92,6,7,Finance,Female,Senior
1469,30,46087,6.82,15,3,Sales,Female,Senior
2509,33,102805,10.95,27,8,Sales,Female,Mid
2189,47,91440,7.39,21,9,HR,Male,Senior
2673,56,46566,13.82,21,2,Engineering,Male,Mid
2955,39,51607,5.69,5,7,Engineering,Female,Mid
2723,23,52736,14.84,32,2,Finance,Male,Lead
1211,37,86492,13.24,7,6,Operations,Male,Senior
2685,52,134859,12.35,28,6,Sales,Female,Senior
2784,55,96852,15.72,32,5,Marketing,Female,Lead
1507,29,58854,17.86,2,5,Sales,Other,Mid
1949,32,52746,10.26,10,5,HR,Female,Lead
2523,34,85220,5.57,19,8,Sales,Female,Senior
1987,28,105948,11.94,22,7,Operations,Other,Entry
2704,51,67713,13.53,34,4,HR,Male,Lead
1979,27,83330,18.57,26,8,HR,Other,Senior
2683,46,110909,19.42,8,6,Finance,Male,Entry
2240,53,133358,15.41,0,4,Engineering,Other,Senior
2127,47,59033,5.75,10,9,HR,Female,Mid
2978,39,119388,9.62,2,1,Engineering,Female,Senior
1040,41,76659,5.2,22,7,Marketing,Male,Entry
1547,35,138381,6.05,3,1,Engineering,Other,Senior
1295,45,125457,14.46,25,3,HR,Female,Senior
1229,29,131015,11.44,25,6,HR,Other,Entry
1898,23,48058,5.68,26,9,Marketing,Female,Lead
1843,55,56819,6.97,22,4,Marketing,Other,Mid
1253,38,77241,5.3,1,5,Marketing,Other,Mid
2565,57,66674,18.43,17,5,Sales,Male,Senior
1921,48,120751,8.0,33,3,Sales,Female,Lead
2588,45,40886,12.55,29,8,HR,Male,Senior
2438,24,105250,15.11,8,3,Engineering,Other,Senior
2674,27,37190,6.69,2,4,Operations,Female,Entry
2121,48,58933,6.44,28,2,Marketing,Female,Mid
2373,55,37597,6.23,18,2,Engineering,Other,Senior
1854,51,140053,16.78,21,8,Sales,Other,Senior
1442,30,48313,6.16,14,7,Operations,Other,Lead
1888,48,100969,14.23,30,1,Finance,Female,Lead
1882,28,48099,18.87,22,3,Finance,Other,Entry
2953,27,137011,7.06,6,6,HR,Other,Mid
1333,58,135469,19.09,8,5,Engineering,Female,Mid
2851,25,129977,14.62,19,3,Engineering,Male,Senior
2667,30,141668,6.72,20,6,Operations,Female,Entry
2739,27,83384,11.61,9,6,Operations,Male,Mid
2893,53,32745,17.9,5,4,Operations,Male,Mid
1289,54,69071,8.07,8,8,Finance,Female,Mid
1748,34,43565,14.05,30,6,Sales,Male,Mid
1889,57,63866,16.41,18,7,HR,Other,Lead
2568,53,52313,14.27,16,9,Operations,Female,Senior
1479,46,95697,16.24,27,7,Finance,Female,Lead
1322,49,107794,8.2,4,9,Finance,Other,Senior
2519,54,134946,18.02,14,9,Operations,Male,Senior
2999,36,120270,5.48,32,6,HR,Female,Mid
1482,44,44226,11.22,33,9,HR,Female,Entry
2634,22,101312,12.87,27,9,Marketing,Male,Lead
2401,43,91516,17.35,31,5,Finance,Male,Lead
1850,29,107275,14.06,14,4,Sales,Male,Entry
2831,25,92491,19.48,24,7,Finance,Other,Mid
1214,22,60111,12.6,23,9,HR,Female,Mid
2946,49,61131,12.95,7,1,HR,Male,Senior
1445,56,144914,12.82,10,9,Marketing,Male,Entry
1715,38,130158,7.57,4,9,Marketing,Male,Mid
1210,28,55431,11.53,34,9,Finance,Female,Mid
2928,57,146895,13.74,30,8,Marketing,Female,Lead
1468,33,99122,18.22,3,8,Operations,Male,Senior
2080,55,141250,15.19,20,1,Engineering,Other,Senior
1590,26,97155,13.83,27,6,Finance,Male,Lead
2842,36,90948,12.85,24,8,Engineering,Male,Senior
1144,27,89353,12.98,6,9,Finance,Male,Senior
1188,37,94641,16.71,14,8,HR,Male,Mid
2552,27,141628,9.6,21,9,Operations,Other,Lead
2816,23,148581,5.6,19,4,Engineering,Other,Entry
2850,58,40293,14.87,5,5,Finance,Male,Entry
1291,39,99519,6.11,2,5,Engineering,Other,Senior
2455,46,87169,6.0,26,5,HR,Female,Senior
1605,22,49675,13.0,9,6,HR,Male,Entry
1470,28,78868,14.52,30,5,Sales,Female,Entry
2028,28,119709,6.48,27,2,Finance,Other,Entry
2510,53,88954,11.83,34,6,Sales,Male,Mid
2689,44,44743,5.25,7,1,HR,Other,Senior
2514,49,50878,7.96,22,6,Finance,Male,Lead
2913,24,81955,7.13,8,3,Marketing,Male,Senior
1462,43,89664,16.84,20,9,Engineering,Other,Lead
2556,35,122446,19.82,12,5,HR,Male,Entry
2640,31,111253,19.05,27,6,Marketing,Other,Lead
2126,38,115371,17.55,15,3,Finance,Male,Senior
2778,49,101368,13.84,28,5,HR,Female,Senior
2798,36,134397,17.12,12,8,HR,Female,Lead
1160,23,52420,16.39,31,7,Operations,Male,Lead
1549,52,127909,14.13,29,1,Marketing,Male,Senior
1472,35,53225,6.78,11,4,HR,Female,Entry
2734,55,136122,16.17,5,6,HR,Male,Mid
1339,53,112566,14.97,19,6,HR,Male,Entry
1187,27,134576,13.4,12,2,Engineering,Male,Senior
2288,56,37461,14.28,26,5,HR,Other,Senior
1132,49,146981,5.71,20,7,HR,Female,Senior
1953,42,113297,15.17,6,8,Engineering,Female,Entry
1913,25,106229,10.04,19,5,Finance,Male,Senior
2224,25,54995,8.33,25,3,Operations,Other,Senior
1037,30,47347,18.79,17,4,Engineering,Female,Lead
1351,47,78908,8.44,6,3,HR,Male,Lead
2430,32,73949,6.79,19,4,HR,Other,Mid
2188,36,82780,5.79,20,1,Marketing,Female,Entry
1796,32,30282,9.55,5,4,Engineering,Male,Lead
2885,39,50307,17.05,33,9,Sales,Other,Mid
2086,51,119906,8.75,30,7,Sales,Female,Senior
2308,50,82395,5.92,23,6,Finance,Other,Entry
1323,55,60841,19.09,18,3,Finance,Male,Entry
2069,32,119388,10.38,18,4,Engineering,Male,Senior
1823,23,55150,15.31,6,7,HR,Female,Entry
2579,56,88653,7.84,14,2,Marketing,Other,Mid
1036,35,135441,11.88,29,6,HR,Other,Lead
1743,38,149664,18.27,14,1,HR,Female,Mid
1182,43,60911,12.23,30,8,Marketing,Female,Mid
1756,43,51253,15.04,2,2,HR,Male,Lead
2416,53,31932,6.31,25,7,HR,Male,Entry
1443,45,143175,17.43,12,5,Operations,Other,Mid
1555,33,53284,18.94,20,8,Operations,Male,Mid
2532,36,81971,9.43,7,3,Marketing,Female,Senior
2492,29,97496,10.18,31,7,HR,Male,Senior
1706,47,104071,11.21,30,6,Finance,Other,Senior
1101,22,98828,19.34,1,1,Operations,Male,Mid
1952,58,148362,11.83,32,6,Operations,Female,Senior
2149,38,47543,9.12,28,9,Engineering,Male,Senior
2611,47,84189,7.14,10,8,Marketing,Male,Mid
2113,59,115925,9.32,32,1,Sales,Male,Entry
1018,23,35901,11.88,23,1,Operations,Male,Entry
1795,36,95794,16.71,26,2,HR,Female,Lead
1393,40,112368,18.11,7,3,Marketing,Male,Mid
2008,22,79416,7.06,21,4,Finance,Female,Senior
2620,26,71869,7.91,23,2,Operations,Other,Senior
2435,43,30138,19.92,22,7,Sales,Female,Lead
1296,53,87866,13.24,20,6,Finance,Male,Entry
2788,36,84575,14.07,22,7,Operations,Other,Entry
2350,48,38767,17.09,30,1,Sales,Female,Mid
2518,53,98344,6.67,30,9,Operations,Male,Mid
1091,33,71568,13.61,25,2,Finance,Male,Mid
2134,50,125655,5.65,3,5,HR,Male,Mid
2585,51,114761,11.62,29,4,HR,Female,Senior
2862,26,66609,18.07,10,7,Operations,Other,Entry
1512,46,31651,15.72,13,3,Finance,Male,Senior
1705,33,123269,17.15,7,9,Operations,Female,Lead
1096,58,53312,19.62,25,6,Sales,Male,Lead
2500,32,90011,6.71,17,1,Finance,Female,Mid
2462,29,107988,13.98,34,3,HR,Other,Lead
1420,52,56832,15.81,18,1,Marketing,Female,Senior
1861,47,82142,10.06,17,1,HR,Female,Entry
1008,32,85249,9.53,0,8,HR,Other,Mid
2307,49,109003,12.67,1,9,Marketing,Male,Lead
1747,38,52263,15.37,6,8,Operations,Female,Lead
1430,47,130082,6.15,21,8,Finance,Other,Entry
2247,46,104637,16.01,27,1,Sales,Female,Lead
1831,30,31283,18.55,1,3,HR,Other,Mid
2053,39,72946,12.85,25,4,Finance,Other,Senior
1316,29,106971,8.74,12,6,Engineering,Female,Entry
2791,42,55599,9.63,13,1,Finance,Other,Entry
2894,57,85243,19.39,15,2,Marketing,Other,Senior
2258,46,92068,10.17,13,3,HR,Male,Mid
2261,30,60373,6.83,6,7,Engineering,Other,Senior
2991,51,63840,6.22,4,7,Finance,Other,Entry
2758,50,92368,6.88,3,9,Marketing,Male,Senior
1749,41,50354,14.28,33,5,Finance,Other,Lead
1421,23,93437,17.4,28,7,HR,Female,Mid
1578,34,124848,7.38,1,7,Finance,Other,Mid
2517,31,42991,12.88,14,6,Operations,Male,Entry
2772,24,119963,7.47,24,9,Marketing,Other,Mid
2491,38,76099,13.7,28,1,Engineering,Male,Mid
1104,35,42411,8.37,22,5,Operations,Female,Lead
2101,44,38770,19.1,28,4,Marketing,Other,Mid
1644,36,32539,17.4,19,3,Marketing,Other,Entry
1648,23,100968,15.11,1,8,Operations,Female,Mid
1910,29,40487,16.94,27,3,HR,Male,Lead
2283,27,149006,14.57,10,8,HR,Male,Entry
1525,41,75253,11.07,26,9,Engineering,Male,Senior
2889,40,41950,14.7,18,6,Engineering,Female,Senior
1424,38,49873,5.12,11,8,Marketing,Other,Lead
2274,28,78438,19.85,2,8,Finance,Female,Mid
1890,50,135400,12.69,8,6,HR,Female,Senior
2630,23,104085,18.76,25,3,Operations,Other,Lead
1545,41,142234,5.64,14,1,Operations,Female,Senior
2078,51,79678,8.06,21,5,Operations,Male,Lead
2503,59,125071,11.78,34,8,Operations,Male,Mid
2989,51,104218,9.12,1,8,Finance,Other,Lead
2273,46,64624,5.52,34,2,HR,Other,Lead
1610,26,123583,17.39,26,3,Marketing,Male,Senior
2875,32,84131,7.66,9,7,Finance,Other,Senior
2921,38,50963,17.94,23,3,HR,Male,Mid
1352,44,115457,13.2,8,2,Marketing,Other,Entry
2083,45,112325,14.03,20,8,Marketing,Female,Mid
1456,46,94429,10.77,0,9,Sales,Other,Senior
2995,37,53989,17.23,12,8,Marketing,Other,Entry
2313,33,112279,7.28,28,6,HR,Other,Senior
1363,43,76486,6.16,5,3,Engineering,Female,Lead
1934,39,38179,6.31,7,1,Engineering,Other,Lead
1255,33,58270,7.87,22,7,Finance,Male,Lead
2614,51,130318,13.97,28,2,Marketing,Male,Entry
1213,23,77684,12.24,15,2,Finance,Male,Mid
2486,23,56086,9.61,13,1,HR,Male,Mid
1569,49,138899,15.16,18,8,Operations,Other,Entry
1600,48,39557,11.66,32,2,Finance,Male,Senior
2016,29,146450,5.23,29,1,Finance,Other,Entry
1222,37,90920,17.65,27,4,Engineering,Other,Entry
2309,30,69758,9.32,22,1,Operations,Female,Entry
1196,40,58671,17.05,25,1,Engineering,Male,Entry
1305,30,68714,11.87,9,9,Operations,Male,Entry
2116,43,148424,18.61,28,9,Marketing,Female,Mid
2574,58,134641,10.27,2,7,Sales,Female,Lead
1520,47,63787,6.91,33,5,Sales,Female,Lead
1307,47,85419,13.3,33,7,Engineering,Female,Lead
1851,32,127756,13.65,28,5,Operations,Male,Senior
2916,27,36155,14.18,3,7,Engineering,Male,Entry
2701,22,134350,11.89,33,6,Finance,Other,Entry
2915,43,50093,7.09,34,3,Operations,Male,Lead
2338,48,147961,5.42,8,6,Finance,Male,Lead
1413,24,147235,11.13,33,1,Operations,Other,Senior
2490,34,31207,9.77,30,6,Engineering,Male,Senior
2310,24,84312,6.4,1,6,Finance,Other,Lead
1459,38,63848,16.11,25,1,HR,Male,Lead
1080,32,74936,12.69,21,4,Finance,Female,Lead
2967,23,138048,6.58,0,9,Marketing,Female,Senior
2183,29,111554,16.96,1,6,Sales,Female,Mid
2489,32,121088,16.85,23,4,Engineering,Other,Mid
2539,30,112035,13.38,8,4,Sales,Other,Entry
1284,56,117527,13.22,10,2,Sales,Male,Mid
1842,30,138896,9.19,5,9,Engineering,Female,Mid
2958,54,41908,16.2,18,4,Operations,Other,Mid
1058,35,116269,17.83,15,1,Finance,Other,Lead
2359,52,47438,17.95,20,9,Operations,Other,Senior
2064,39,116497,7.37,0,6,Sales,Male,Lead
2960,33,139151,17.68,5,1,Operations,Female,Entry
1716,47,40800,11.8,13,9,Finance,Female,Senior
2058,44,37368,15.33,31,9,Finance,Female,Entry
1599,43,122573,7.0,18,7,Marketing,Male,Mid
2424,38,142169,17.89,20,7,Sales,Male,Lead
1332,36,58044,13.13,11,9,Marketing,Female,Mid
1193,40,119097,7.39,25,3,Marketing,Female,Mid
2641,24,135659,19.76,4,8,Operations,Male,Mid
2512,37,109063,15.96,30,7,Finance,Male,Entry
2262,36,63154,6.67,24,6,Finance,Other,Entry
1868,53,76037,16.28,1,9,Finance,Female,Lead
2719,35,80961,13.84,33,9,Marketing,Female,Entry
1148,58,46052,15.85,22,1,HR,Male,Entry
1839,26,38004,19.55,6,3,HR,Male,Senior
2497,52,127808,5.92,24,1,Operations,Male,Mid
1354,33,94028,15.51,25,3,Operations,Other,Senior
2035,29,65292,16.75,33,3,Operations,Female,Senior
2048,25,79812,16.73,22,9,Engineering,Female,Mid
2229,39,129239,7.9,27,8,Finance,Male,Senior
2511,36,58064,11.22,10,1,Marketing,Male,Entry
1639,26,137439,6.41,16,9,Finance,Other,Entry
2068,41,141623,17.52,15,4,Engineering,Male,Mid
1489,50,35997,9.91,6,2,Sales,Female,Entry
1266,51,121074,6.08,13,6,Engineering,Female,Entry
2526,34,124289,8.22,21,2,Sales,Female,Lead
2983,43,85751,8.52,16,4,HR,Female,Senior
1710,48,100202,11.79,8,1,Finance,Male,Lead
2164,59,122541,10.73,30,2,Finance,Other,Mid
2753,33,138944,13.61,11,5,Sales,Female,Lead
1975,38,64518,18.7,30,6,Operations,Male,Senior
1501,23,144367,16.47,17,4,Operations,Other,Entry
2065,23,79879,5.78,34,1,Engineering,Male,Senior
2908,53,59336,19.01,6,5,Engineering,Male,Senior
2110,38,72752,13.07,16,9,Operations,Female,Entry
1930,47,39528,10.49,25,3,Operations,Male,Mid
2252,24,135848,17.41,13,4,HR,Female,Mid
1373,49,38894,10.75,31,9,HR,Other,Senior
1391,52,121396,16.81,17,6,Operations,Other,Senior
1618,31,35347,11.92,4,8,Operations,Other,Senior
2348,46,41120,17.08,29,1,Sales,Male,Senior
1678,34,128876,13.68,16,3,Operations,Other,Mid
2668,58,91202,12.36,13,2,Operations,Male,Lead
1081,38,59794,12.22,31,6,HR,Male,Senior
1338,27,85533,8.22,20,2,Sales,Female,Entry
2325,47,118503,14.92,20,9,HR,Female,Entry
1937,33,112379,9.39,15,1,HR,Male,Entry
1688,46,97169,17.92,26,3,HR,Male,Lead
2661,49,97904,5.33,15,2,Engineering,Male,Mid
2453,55,115090,19.63,20,3,HR,Female,Mid
1684,37,85718,14.5,27,3,Operations,Other,Senior
1448,53,103445,10.17,14,4,Marketing,Female,Lead
1046,38,124299,10.93,33,2,Finance,Other,Senior
1302,47,75000,6.03,34,9,Sales,Male,Senior
1535,27,144534,7.73,22,8,Engineering,Male,Mid
1791,27,114742,15.6,12,4,Operations,Other,Entry
2165,55,118296,14.29,1,7,Marketing,Female,Mid
2472,45,148418,15.51,19,7,Marketing,Female,Lead
1923,41,128745,13.53,9,7,Operations,Other,Lead
2459,36,74695,12.85,15,3,Engineering,Other,Lead
1145,29,120353,13.86,12,6,Operations,Male,Entry
1510,38,63937,18.28,34,2,HR,Female,Senior
1290,24,142990,12.8,14,2,Engineering,Other,Entry
1592,22,92424,14.0,20,3,Finance,Female,Lead
2203,28,94089,5.15,22,7,Operations,Male,Senior
2314,30,45434,18.34,2,2,Sales,Female,Senior
2070,23,128646,18.69,0,3,HR,Female,Mid
2481,41,49595,9.55,0,6,Sales,Male,Senior
1464,40,139126,13.12,12,5,HR,Male,Mid
2175,29,144598,18.31,5,2,Marketing,Female,Entry
2697,59,86071,7.72,31,4,Sales,Female,Lead
2228,34,40651,6.35,12,3,Operations,Female,Lead
1531,49,60254,9.21,3,9,HR,Other,Entry
2493,42,96093,17.24,16,6,Sales,Female,Senior
1860,35,117489,13.6,14,9,Finance,Male,Senior
1804,41,119087,15.73,25,8,Operations,Female,Senior
1433,25,84341,8.24,6,2,Finance,Female,Mid
1806,41,63380,10.46,2,2,Finance,Male,Lead
1514,57,114730,15.97,28,1,Marketing,Other,Mid
1858,26,111835,10.06,30,2,Operations,Male,Mid
2877,30,42828,11.68,19,4,Marketing,Other,Lead
2761,53,74760,9.13,21,6,Marketing,Other,Senior
1200,54,122961,10.17,31,9,Sales,Other,Mid
2495,51,78651,6.15,23,7,Sales,Female,Mid
1909,50,104663,19.95,30,4,Sales,Female,Senior
2679,33,31589,14.71,5,7,HR,Female,Mid
2879,34,126664,15.24,26,8,HR,Other,Entry
1345,40,88005,17.11,21,9,Marketing,Other,Entry
2366,33,72359,14.08,25,5,Sales,Female,Entry
1666,50,37345,6.99,13,6,Marketing,Female,Senior
1481,57,145281,19.79,4,5,HR,Male,Entry
2422,50,80098,9.77,32,8,Engineering,Other,Senior
1938,57,53952,9.98,0,2,HR,Other,Entry
2654,22,133990,7.55,8,9,HR,Male,Lead
1268,49,80979,10.72,18,4,Finance,Male,Entry
1620,40,125850,16.8,17,5,HR,Other,Entry
2237,34,44376,16.39,12,9,HR,Female,Senior
1594,53,53252,18.03,20,6,Finance,Other,Mid
2980,56,118330,6.1,13,6,HR,Male,Senior
1717,57,67823,11.82,27,3,Engineering,Male,Entry
2397,43,101675,7.22,23,6,Finance,Male,Entry
2693,22,114227,15.97,31,4,Engineering,Female,Mid
2007,39,79437,19.25,11,4,Finance,Female,Mid
2353,26,30929,5.37,1,4,Engineering,Female,Lead
2639,32,136127,11.77,6,3,Engineering,Male,Entry
2099,50,60795,8.47,3,1,Finance,Other,Lead
1737,56,86700,13.95,11,1,Sales,Other,Senior
1652,59,148358,9.56,17,1,HR,Male,Lead
2917,23,76607,9.59,27,2,HR,Female,Senior
1922,26,105330,5.83,30,8,Finance,Other,Entry
2845,29,110098,17.38,21,6,Marketing,Female,Entry
2444,58,85778,8.39,5,4,Engineering,Female,Senior
2380,31,56417,18.54,33,7,Marketing,Other,Lead
1374,26,48037,12.4,25,5,Finance,Male,Senior
2786,36,47508,5.22,11,1,Operations,Male,Mid
2413,54,33236,17.45,4,4,Marketing,Female,Entry
1626,34,45892,8.96,2,6,HR,Male,Senior
2819,47,57747,18.98,15,6,Sales,Female,Mid
1601,34,104971,11.76,12,8,Sales,Male,Mid
2522,54,60386,15.13,1,1,Marketing,Female,Lead
2969,23,76169,12.69,17,9,Sales,Male,Lead
2901,54,147480,11.03,20,6,Finance,Female,Entry
2849,48,34213,7.15,27,5,Engineering,Female,Lead
1281,45,115667,11.75,26,2,Engineering,Female,Lead
1465,57,98099,10.18,22,7,Sales,Other,Senior
1326,44,106272,14.38,16,7,Marketing,Male,Senior
1544,40,84220,19.14,12,5,Sales,Female,Lead
2122,55,137225,9.77,14,1,Marketing,Other,Lead
2897,57,74724,7.92,11,5,Engineering,Male,Lead
1500,48,145555,6.71,30,4,Sales,Female,Entry
1417,50,49033,16.8,25,1,Engineering,Male,Mid
2499,53,133065,6.6,17,3,Sales,Male,Mid
2756,42,69129,15.72,30,9,Operations,Other,Entry
2998,30,48990,15.07,19,1,HR,Other,Senior
2296,56,130424,6.49,23,2,Engineering,Male,Lead
1879,27,125648,19.23,25,1,Engineering,Male,Senior
2077,59,94046,9.14,17,1,Sales,Other,Entry
2241,56,66636,13.29,1,1,Engineering,Female,Senior
1425,47,70372,18.87,1,9,Engineering,Female,Senior
2355,44,148387,13.2,34,3,Operations,Male,Senior
1005,40,82130,8.45,6,8,Operations,Female,Entry
2419,47,116836,11.96,22,5,Finance,Male,Senior
1237,50,145053,18.19,3,1,Marketing,Male,Entry
1154,45,71424,5.78,24,8,Sales,Female,Lead
1429,31,66751,16.14,12,6,Engineering,Male,Senior
2508,38,133651,11.86,29,7,HR,Male,Entry
2535,24,83410,13.89,17,7,Finance,Male,Lead
2482,57,106021,19.5,5,3,Operations,Female,Entry
2841,30,104083,5.1,7,2,Finance,Male,Mid
1907,45,31089,17.79,34,4,Sales,Other,Lead
1761,27,81578,11.24,2,1,Operations,Other,Lead
2084,38,44567,19.06,16,3,HR,Female,Entry
2259,22,107313,10.06,21,9,Engineering,Female,Mid
1183,32,62784,10.43,3,4,Engineering,Other,Mid
2805,35,32257,14.58,21,5,Marketing,Male,Senior
2132,57,98336,6.37,24,2,Sales,Other,Senior
1766,54,124986,6.12,12,9,Operations,Other,Senior
2759,46,140395,8.8,15,1,Sales,Female,Entry
1157,24,100331,15.98,16,9,Engineering,Female,Mid
2115,44,32261,5.44,8,6,Finance,Female,Lead
1057,57,107866,16.45,25,3,Finance,Other,Entry
2146,41,47709,11.51,2,4,Finance,Other,Senior
2732,32,100812,15.49,4,4,Finance,Other,Entry
1815,34,35906,13.44,9,6,Operations,Other,Entry
1203,32,118789,7.13,32,6,Sales,Other,Lead
1699,49,95633,5.82,31,4,Marketing,Male,Entry
2982,36,148452,15.67,26,1,Engineering,Other,Senior
1013,43,93740,14.31,13,2,Operations,Other,Entry
2605,24,105969,9.25,11,9,Finance,Female,Entry
1881,24,89042,14.15,4,5,Marketing,Female,Mid
1820,26,140454,12.06,4,7,Finance,Male,Lead
2059,42,115436,18.47,3,1,HR,Female,Mid
1410,54,61656,9.22,0,3,Operations,Female,Senior
2912,29,147254,18.83,10,3,HR,Female,Mid
2589,41,42866,6.02,16,2,Sales,Other,Lead
2284,26,135368,19.78,29,9,Finance,Male,Senior
2774,47,123635,16.86,16,1,Operations,Male,Entry
1314,41,44291,13.75,11,3,Sales,Other,Senior
2352,28,109239,7.49,22,3,Engineering,Other,Entry
2767,29,128538,17.13,6,2,Engineering,Male,Lead
2564,40,116698,5.16,20,6,HR,Female,Lead
2186,46,89518,10.11,25,6,HR,Male,Senior
1643,44,107465,19.51,6,8,Operations,Female,Senior
2483,30,58308,14.42,33,1,Engineering,Other,Entry
2038,54,81631,17.95,14,3,Sales,Female,Senior
1052,50,85099,9.65,0,3,Engineering,Other,Entry
2238,39,91350,15.91,32,3,Operations,Female,Mid
1248,42,59956,19.73,23,7,Sales,Other,Entry
2181,37,110650,13.48,5,7,Sales,Female,Lead
2501,46,68635,19.12,25,2,HR,Female,Mid
2987,39,148171,8.49,21,2,Marketing,Other,Mid
1677,23,127852,7.08,22,2,Marketing,Other,Entry
2741,39,132827,18.68,2,9,HR,Male,Entry
2434,41,104027,11.39,17,8,Marketing,Male,Entry
2173,45,65634,7.97,29,7,Marketing,Other,Mid
2745,32,143550,9.79,24,8,Marketing,Other,Mid
2658,58,53782,11.21,24,1,Sales,Male,Lead
2941,41,124108,5.95,12,5,Operations,Male,Lead
2725,30,92551,9.73,28,2,Sales,Other,Entry
1995,53,124840,9.48,26,7,Finance,Male,Mid
2088,53,126019,14.29,30,7,Finance,Other,Lead
1304,54,100119,15.44,13,2,Sales,Other,Senior
1603,55,30162,11.47,32,7,Marketing,Female,Entry
1377,33,81612,10.96,22,3,Sales,Male,Lead
1870,54,30587,14.0,12,6,Finance,Female,Senior
1611,52,130318,11.95,20,3,Finance,Female,Senior
2488,29,37684,13.26,30,7,Marketing,Female,Senior
1667,25,59300,12.67,4,1,HR,Male,Entry
1905,52,57516,14.39,17,3,Marketing,Female,Mid
1532,46,114045,8.12,8,8,Sales,Female,Mid
2033,45,116710,8.39,15,3,Marketing,Male,Entry
2112,46,72070,8.25,8,2,Operations,Female,Entry
2699,43,104763,18.35,16,5,Sales,Other,Lead
1141,48,126320,18.97,27,7,Finance,Female,Senior
1103,58,128723,15.19,15,2,Finance,Female,Senior
1832,32,63691,18.35,5,9,Marketing,Other,Lead
2439,38,115376,16.51,32,1,Sales,Male,Mid
2364,34,135284,16.77,1,9,Operations,Female,Lead
1384,51,59806,8.09,20,5,Finance,Female,Entry
2460,37,135209,9.08,6,4,Marketing,Female,Lead
1471,49,149119,13.73,24,7,Operations,Male,Senior
1454,34,110073,11.17,20,4,Marketing,Female,Lead
1068,47,134792,12.72,3,9,Engineering,Other,Lead
2656,49,132005,9.97,24,7,Finance,Male,Entry
1225,45,66224,12.52,19,8,HR,Other,Senior
2631,56,52031,16.67,33,1,Finance,Other,Senior
2082,43,118668,11.31,25,6,Engineering,Female,Senior
2358,51,125040,17.0,4,7,HR,Other,Entry
2506,43,108518,14.21,21,4,Operations,Male,Senior
1871,44,42763,5.8,15,8,Engineering,Female,Entry
1893,58,71855,10.64,2,4,Finance,Female,Entry
1218,53,122260,16.73,15,6,HR,Female,Lead
2528,43,48354,10.45,25,3,HR,Male,Senior
2452,36,85568,17.49,23,6,Finance,Female,Lead
1798,47,31898,5.05,34,2,Finance,Female,Mid
2315,36,94047,19.16,13,4,HR,Male,Lead
1140,22,121012,9.35,26,8,HR,Male,Mid
1279,56,76857,18.72,5,6,Marketing,Other,Senior
1152,53,30671,11.56,10,3,Sales,Other,Entry
2061,40,76403,6.15,31,3,Finance,Female,Lead
1970,28,145111,8.6,6,6,Marketing,Female,Senior
2145,57,73056,12.51,32,6,Engineering,Other,Entry
2383,49,145598,6.89,2,2,Engineering,Other,Senior
2303,58,72849,14.78,30,4,Finance,Male,Senior
1674,26,32336,14.57,23,3,Finance,Other,Senior
1337,25,53911,16.09,9,9,Finance,Other,Entry
2320,45,113555,7.15,17,1,Finance,Female,Senior
2169,38,100448,7.87,4,2,Sales,Female,Entry
1335,29,109751,15.89,7,2,Operations,Male,Senior
2418,44,38556,18.37,28,3,Sales,Female,Mid
2198,42,137628,9.17,4,1,Operations,Other,Entry
2954,43,142217,9.15,18,8,HR,Female,Mid
1327,43,67643,10.6,9,9,Engineering,Female,Entry
2516,54,92154,8.94,11,7,Marketing,Other,Lead
1929,44,101906,18.91,4,3,Operations,Female,Lead
1662,36,111912,5.26,28,8,Sales,Male,Entry
1541,58,38329,12.7,23,8,HR,Male,Senior
1722,43,104905,18.22,27,8,Marketing,Male,Mid
1829,30,149052,11.24,10,7,Finance,Female,Mid
2731,52,85103,5.65,20,5,Marketing,Male,Lead
1142,34,90428,10.88,16,7,Sales,Other,Lead
1777,30,36710,5.31,8,1,HR,Other,Lead
2652,29,100263,9.29,33,5,Engineering,Female,Mid
1138,46,136297,11.95,31,2,HR,Female,Lead
2593,41,39764,11.68,5,4,Finance,Other,Lead
1280,58,64964,5.17,19,7,Engineering,Other,Mid
2389,25,101849,18.41,7,3,Marketing,Other,Entry
1506,40,35469,14.17,33,9,Sales,Other,Lead
2728,34,52440,17.41,28,5,Operations,Other,Entry
2087,44,138069,14.81,8,1,HR,Male,Mid
2163,51,95333,6.99,1,2,Engineering,Female,Lead
1873,54,137481,8.48,27,2,Sales,Male,Mid
1035,46,131268,8.29,30,2,Engineering,Female,Lead
1597,47,104603,13.37,4,2,Finance,Female,Mid
2280,55,67437,10.28,11,8,Engineering,Female,Mid
1900,26,70718,8.4,20,7,Marketing,Female,Mid
1800,27,36629,18.13,1,1,Marketing,Female,Senior
1437,46,112617,10.6,11,8,Operations,Other,Lead
1370,43,97260,10.58,11,4,Engineering,Female,Mid
2896,54,62245,6.32,17,8,HR,Female,Mid
1168,40,123947,19.99,20,5,HR,Male,Entry
1771,25,81707,6.72,16,8,Operations,Male,Mid
1189,50,79723,15.63,26,2,Operations,Male,Lead
1686,25,75232,11.65,34,7,Sales,Other,Entry
1704,26,99286,16.22,17,7,Engineering,Male,Mid
1924,32,117960,14.77,11,2,Engineering,Other,Mid
1679,32,37521,13.54,0,8,Sales,Other,Senior
1546,39,123808,11.7,26,4,HR,Female,Senior
1671,38,45352,11.04,17,4,Marketing,Male,Lead
1681,37,53481,10.69,31,6,Marketing,Female,Mid
2976,47,76473,8.48,19,6,Operations,Other,Senior
1125,34,99252,14.54,31,1,Finance,Female,Entry
1176,38,49877,16.31,19,1,Marketing,Female,Lead
1334,54,45997,8.31,1,6,Finance,Male,Entry
2386,58,32169,11.91,4,6,Sales,Other,Entry
2779,50,108356,6.01,27,8,Operations,Male,Entry
2810,56,110769,18.55,16,7,Marketing,Female,Senior
2950,51,134918,18.43,23,7,Sales,Male,Mid
2542,33,32384,14.22,11,5,Operations,Other,Senior
2104,27,30193,11.57,11,5,Marketing,Other,Entry
1976,45,83909,7.84,13,9,Marketing,Female,Senior
2161,24,61337,17.31,22,9,Finance,Female,Mid
1362,26,132386,5.24,20,9,Engineering,Other,Senior
1700,43,106943,14.66,26,5,Operations,Female,Mid
1867,35,76305,13.83,27,7,Operations,Female,Senior
2010,23,36816,14.48,23,5,Operations,Male,Lead
2095,30,73355,16.6,1,3,Sales,Female,Lead
2118,48,56512,8.3,24,5,Sales,Male,Lead
2432,23,92443,8.85,18,7,HR,Female,Lead
2961,59,104707,8.89,27,6,HR,Male,Senior
1720,56,48708,14.59,19,9,Engineering,Female,Senior
1505,59,124947,16.65,11,4,Engineering,Other,Mid
2420,55,35498,9.8,13,2,Operations,Female,Senior
2924,44,86547,14.44,11,4,HR,Male,Lead
2919,23,143194,6.06,22,3,Finance,Other,Senior
2583,28,107842,17.53,31,7,HR,Other,Senior
1171,53,102930,16.44,28,6,Sales,Male,Senior
1134,41,103294,16.61,32,4,Finance,Other,Entry
1996,34,146219,6.61,0,8,HR,Male,Mid
2447,40,94353,9.23,19,6,Operations,Female,Senior
2834,34,88283,15.89,31,5,Engineering,Female,Mid
1233,56,118340,19.42,32,5,Operations,Female,Mid
1461,46,45379,12.98,28,1,HR,Other,Senior
2636,57,42449,9.96,3,9,Operations,Female,Mid
2468,48,120768,18.4,31,3,Marketing,Male,Entry
1551,24,83072,10.62,2,7,HR,Other,Lead
2513,43,32454,7.03,29,3,Finance,Male,Lead
2408,56,66575,8.39,17,8,Finance,Female,Lead
1364,50,50567,18.67,20,8,Engineering,Other,Senior
1083,56,100984,6.36,0,2,Sales,Other,Senior
1836,56,38438,12.69,15,3,Marketing,Female,Senior
1406,45,110102,11.11,29,2,Engineering,Female,Senior
1637,33,96707,11.55,22,7,HR,Female,Lead
2197,47,85284,9.2,18,1,Engineering,Female,Senior
2706,38,75409,14.49,14,2,Operations,Male,Lead
2971,30,90614,17.33,27,6,Operations,Female,Senior
2263,45,36031,14.72,12,5,HR,Female,Entry
1753,24,80729,10.21,13,4,Finance,Female,Entry
2390,41,103851,14.67,23,9,Operations,Other,Mid
2218,55,53377,6.98,31,4,Sales,Female,Lead
2964,57,85835,13.56,8,5,Marketing,Male,Mid
2465,50,48951,19.66,34,9,Engineering,Male,Entry
1672,41,63365,10.86,16,9,HR,Other,Entry
1956,44,32597,11.53,20,3,HR,Male,Senior
2190,47,74199,10.03,29,4,Sales,Other,Mid
1588,31,37736,15.69,7,7,HR,Other,Entry
2703,31,45649,14.28,22,6,HR,Other,Senior
2264,25,123533,18.13,20,7,Marketing,Female,Entry
2295,53,120486,6.94,15,3,Finance,Other,Senior
2187,33,82781,17.07,17,4,HR,Other,Senior
2254,51,76619,10.06,5,4,Engineering,Male,Lead
1656,36,48322,17.74,24,3,Marketing,Other,Lead
2891,47,138647,14.58,17,3,Operations,Female,Mid
2421,55,106118,12.15,14,7,Engineering,Female,Senior
1485,52,58731,15.18,13,1,Finance,Male,Senior
2072,44,129751,7.74,21,3,Finance,Male,Senior
2384,36,149028,17.2,19,7,Engineering,Male,Mid
1653,55,64521,9.77,6,4,Engineering,Other,Mid
1497,28,67861,11.59,9,4,Finance,Female,Lead
1231,59,113588,12.23,13,8,Finance,Other,Lead
1256,43,108815,11.17,14,1,Finance,Female,Lead
2032,24,100910,13.78,14,3,HR,Other,Senior
2681,45,30159,9.87,29,4,HR,Female,Mid
2341,27,32011,17.63,4,9,Finance,Female,Entry
1064,42,69922,17.07,6,4,Sales,Male,Entry
2763,59,101854,6.83,10,3,Marketing,Male,Entry
1734,44,44939,14.24,0,1,Operations,Male,Entry
2194,28,141175,19.22,8,5,HR,Male,Mid
2378,51,121369,5.64,29,2,Engineering,Male,Mid
1622,42,70785,16.22,28,4,Operations,Other,Mid
2603,27,50131,17.37,0,3,Operations,Female,Entry
2290,56,40516,12.51,28,8,Engineering,Other,Mid
1852,58,79416,13.38,7,2,Operations,Male,Senior
2318,32,144682,5.02,2,9,HR,Female,Entry
2610,56,51281,5.19,33,4,Finance,Female,Mid
2906,26,60431,19.72,28,9,Engineering,Other,Lead
2450,22,93922,16.57,9,8,HR,Other,Lead
1086,26,58141,11.67,17,2,Operations,Male,Mid
2684,50,61921,15.95,1,4,Sales,Other,Mid
2863,56,72965,16.78,32,9,Marketing,Other,Entry
2329,34,98803,8.19,16,1,HR,Other,Senior
1236,46,40142,8.4,2,2,Operations,Female,Entry
1269,54,127661,19.73,33,9,Operations,Other,Mid
2406,33,130240,14.99,9,3,Engineering,Male,Entry
1651,55,58228,13.57,4,4,Engineering,Female,Entry
2319,55,96677,10.67,25,7,Operations,Female,Mid
1032,30,78244,11.1,28,4,Engineering,Other,Senior
2392,57,61778,9.48,15,9,Sales,Other,Lead
2044,45,59165,8.69,9,2,HR,Female,Senior
2733,25,71627,9.96,9,9,Marketing,Male,Mid
2968,42,68458,13.31,5,8,Operations,Other,Mid
2586,42,66976,7.99,27,4,HR,Other,Entry
1446,57,53705,16.92,9,8,Sales,Female,Mid
1250,29,134797,8.71,25,4,Engineering,Female,Senior
2013,59,142728,10.33,0,5,HR,Male,Lead
1794,23,41116,12.18,12,9,Operations,Male,Senior
2677,54,110905,11.56,1,3,HR,Male,Entry
1116,53,126774,16.45,22,4,Finance,Female,Senior
2783,26,93115,16.59,14,3,Operations,Other,Entry
1359,46,78689,18.67,23,6,Operations,Other,Senior
2231,37,125344,14.4,22,7,Operations,Male,Senior
1416,31,138777,12.75,4,6,Operations,Male,Entry
2019,53,122493,18.1,23,6,Marketing,Other,Senior
1682,52,48474,10.57,8,1,Finance,Male,Mid
1935,46,78781,9.24,4,4,Engineering,Male,Senior
2192,31,38210,8.52,7,8,Operations,Female,Entry
2052,52,74900,5.41,6,7,Sales,Male,Entry
1436,57,145812,14.48,23,1,Sales,Male,Lead
2747,45,73148,18.62,10,3,Sales,Female,Mid
2638,52,86699,11.81,24,1,Finance,Female,Entry
2375,56,67226,9.89,24,9,Engineering,Other,Lead
2956,29,54968,18.96,28,2,Engineering,Female,Entry
1014,23,94309,18.93,8,6,Engineering,Female,Entry
1784,27,109057,18.47,23,2,Finance,Other,Lead
2598,57,146923,11.23,33,2,Operations,Other,Entry
2158,46,146656,8.51,24,6,Operations,Male,Senior
2137,32,113375,11.66,27,9,Sales,Other,Entry
2880,46,31401,8.53,22,1,Marketing,Female,Entry
1785,23,143193,16.65,34,9,Sales,Female,Lead
1271,40,56189,16.0,12,5,Finance,Female,Mid
1409,54,106865,8.15,15,4,Engineering,Other,Mid
2858,40,58172,14.0,7,1,Sales,Other,Senior
1488,44,98926,8.06,32,1,Engineering,Male,Senior
1719,29,93878,18.65,3,7,Engineering,Other,Senior
2485,43,85690,15.14,25,1,Sales,Female,Senior
2057,54,97580,7.07,6,9,Sales,Female,Mid
2269,45,58669,5.68,24,3,HR,Male,Entry
1880,27,55556,19.17,6,7,HR,Female,Mid
2855,31,32100,9.01,28,2,Engineering,Other,Entry
2643,37,141041,16.35,30,5,HR,Female,Senior
1803,40,149798,10.94,27,6,Marketing,Male,Lead
2138,57,86044,18.4,7,7,Operations,Male,Senior
1876,54,115751,7.99,26,2,HR,Female,Entry
1173,53,58380,7.24,9,1,Engineering,Female,Mid
2111,58,62327,9.17,4,8,Engineering,Female,Mid
1779,52,51038,10.48,12,1,Finance,Male,Entry
1398,37,138351,7.17,1,2,Marketing,Other,Lead
2103,32,76571,9.79,13,3,Marketing,Male,Mid
2714,54,84238,11.14,7,5,Engineering,Other,Mid
2335,50,74179,13.91,22,7,Operations,Female,Lead
2883,28,122389,9.34,10,2,Operations,Other,Mid
2054,28,37851,8.27,32,8,Sales,Male,Mid
1487,56,140384,16.3,3,4,Marketing,Female,Senior
1003,29,86154,18.96,6,1,Operations,Female,Mid
1191,41,36172,19.59,27,3,Finance,Male,Entry
2581,36,86622,16.28,28,8,Marketing,Other,Lead
2152,47,133291,18.27,29,5,Finance,Male,Senior
1002,36,36721,15.35,2,4,Engineering,Other,Senior
2527,47,51083,5.63,22,4,Finance,Male,Senior
1146,48,143132,5.92,14,2,Engineering,Female,Senior
1982,50,137945,7.66,25,2,Marketing,Other,Senior
2199,43,139835,5.54,10,4,Sales,Other,Mid
2109,55,92824,12.97,9,1,Finance,Other,Lead
2766,56,42180,14.4,11,4,Operations,Other,Senior
2140,55,126055,5.12,4,9,Operations,Male,Mid
1809,47,50074,13.21,23,8,HR,Male,Mid
2902,27,60116,13.67,23,2,Engineering,Male,Senior
1750,46,72951,19.11,5,2,HR,Male,Mid
2047,37,125998,5.48,33,3,HR,Male,Senior
1407,33,109578,12.04,18,1,Finance,Male,Lead
1298,44,75838,7.16,20,4,Finance,Other,Senior
2988,56,146682,16.25,24,2,Marketing,Female,Mid
2405,50,101155,10.76,15,3,Operations,Male,Lead
2751,36,78695,6.57,3,4,Engineering,Other,Senior
1090,29,53291,10.79,22,8,Engineering,Male,Mid
1135,51,139204,10.29,9,3,Sales,Male,Lead
1883,29,139089,16.79,27,1,Sales,Other,Mid
2637,44,119833,13.84,17,9,Finance,Male,Entry
1108,47,45422,11.41,25,8,Operations,Other,Senior
1853,35,39587,10.57,32,1,Engineering,Male,Senior
1480,42,46029,13.58,34,7,Marketing,Other,Entry
1230,57,106816,9.63,25,3,Finance,Other,Mid
1070,50,85677,8.81,13,8,Engineering,Female,Lead
1205,46,53472,14.98,16,7,Sales,Female,Senior
1807,33,142507,7.86,34,1,Sales,Male,Senior
2832,28,85621,11.42,17,9,Finance,Male,Entry
1994,22,109222,9.43,8,3,Engineering,Male,Lead
2735,59,133032,11.19,12,3,Sales,Male,Lead
1863,46,56475,5.38,32,8,Sales,Male,Mid
2545,49,132239,12.05,27,5,Operations,Other,Lead
1015,45,59984,16.41,11,2,Finance,Other,Senior
2423,25,94386,12.34,24,9,Marketing,Male,Entry
2795,46,97055,13.36,20,1,Finance,Other,Senior
1460,41,67804,17.94,22,7,HR,Other,Mid
1559,29,100553,10.6,22,9,Sales,Other,Senior
2911,59,99561,15.58,23,6,Finance,Male,Senior
1808,22,47071,10.21,11,8,Marketing,Male,Mid
1486,26,139458,11.18,10,6,Engineering,Male,Senior
1381,42,39496,9.37,30,4,HR,Female,Senior
2168,58,142164,19.96,12,8,Engineering,Female,Lead
1918,57,51447,18.84,4,5,Sales,Female,Mid
2730,34,110811,12.1,20,6,Finance,Male,Lead
2833,22,144667,14.48,14,5,Engineering,Female,Lead
1568,29,55279,10.25,12,6,Finance,Female,Lead
2385,51,83161,18.86,30,7,Operations,Male,Mid
1178,45,94041,9.04,16,4,HR,Other,Senior
2250,22,106917,6.88,28,7,Engineering,Other,Senior
2154,30,133001,17.43,25,3,HR,Other,Lead
2299,46,91049,8.8,10,9,Sales,Other,Entry
2178,38,52054,18.75,2,9,Engineering,Male,Entry
1174,25,56035,10.71,16,6,Marketing,Male,Senior
2220,58,99569,7.92,7,5,Finance,Male,Mid
2040,29,89659,18.1,3,1,HR,Other,Mid
2437,48,149619,16.71,17,8,Engineering,Other,Lead
1047,57,107452,19.29,34,6,HR,Male,Senior
2494,39,59689,12.0,13,4,Marketing,Female,Mid
1772,51,63243,5.13,5,1,Marketing,Male,Lead
1558,37,55122,17.63,30,9,HR,Female,Senior
1044,56,140719,10.33,2,1,Sales,Male,Senior
2322,59,138439,11.96,22,6,Sales,Other,Entry
2391,53,38036,9.32,19,4,Operations,Other,Mid
2201,35,98847,8.21,7,9,HR,Male,Entry
1053,39,65262,8.48,0,8,Marketing,Other,Lead
2806,25,57364,9.8,7,1,HR,Female,Mid
1502,26,40258,15.18,15,9,HR,Other,Entry
2815,39,125690,18.68,28,1,Engineering,Female,Senior
2802,43,68342,16.04,6,1,Finance,Other,Entry
2361,57,35744,17.77,19,1,Engineering,Female,Lead
1619,31,89063,19.75,20,6,Operations,Male,Entry
1659,59,92292,6.2,11,9,Finance,Other,Mid
1060,36,133483,17.53,0,6,Finance,Male,Entry
2646,31,93671,5.89,10,7,Operations,Female,Lead
1483,37,93646,16.31,33,3,Marketing,Other,Mid
2287,30,68392,11.7,0,5,Marketing,Female,Senior
1201,39,145463,5.46,2,5,Finance,Male,Mid
2859,57,50132,12.28,19,8,Marketing,Male,Mid
1496,59,51817,19.0,18,8,Sales,Female,Mid
1650,59,48745,11.99,16,2,Finance,Other,Senior
1792,51,67711,14.26,3,2,Operations,Female,Lead
1838,52,46154,11.04,11,1,Operations,Female,Lead
2651,41,47622,6.37,6,5,Operations,Other,Lead
2456,45,130455,5.72,15,1,Engineering,Male,Senior
1712,47,46994,5.91,7,2,Engineering,Male,Entry
2884,42,74864,16.75,5,8,Finance,Female,Senior
1602,54,133302,19.38,13,6,Operations,Female,Entry
2591,25,98899,19.03,5,4,Operations,Male,Mid
2215,52,33760,13.03,22,8,Operations,Other,Entry
1537,42,141193,17.72,23,2,Engineering,Male,Lead
2760,54,122122,14.63,6,7,Operations,Other,Lead
2775,29,141022,10.77,1,8,HR,Female,Mid
2368,53,128746,17.56,2,3,Marketing,Male,Lead
1822,31,84400,13.39,10,4,Marketing,Female,Mid
1718,22,138575,15.29,29,6,Marketing,Male,Mid
1343,34,124463,18.35,13,9,Engineering,Other,Senior
2102,58,41093,5.7,6,1,HR,Other,Entry
2337,55,144332,6.9,4,2,Sales,Male,Lead
2193,37,74363,17.45,33,2,Engineering,Other,Entry
1941,58,140434,14.56,30,3,Engineering,Other,Lead
2100,55,144604,15.22,11,4,Engineering,Male,Senior
1380,47,134555,19.81,28,8,Sales,Male,Lead
2467,36,110388,7.04,16,4,Sales,Male,Entry
2575,53,41944,14.16,11,9,Finance,Male,Lead
2933,37,77832,8.83,14,5,Sales,Other,Senior
1834,45,97065,12.65,19,6,Operations,Other,Entry
1635,55,37927,12.71,5,6,HR,Male,Senior
1732,28,126334,8.46,23,4,HR,Male,Entry
1624,30,80026,8.26,32,1,Sales,Other,Lead
1742,31,69961,17.0,9,6,Engineering,Other,Lead
1412,33,67900,5.17,23,5,Engineering,Other,Mid
1311,34,122949,13.45,2,7,Operations,Other,Lead
2992,35,62430,11.78,3,8,Marketing,Female,Lead
2403,39,93918,13.3,4,1,Marketing,Female,Entry
1593,39,75603,17.92,29,1,Engineering,Other,Mid
2580,50,116072,11.89,22,1,Marketing,Other,Lead
1318,35,94946,7.61,20,8,Sales,Other,Lead
2428,50,100393,16.08,13,2,Marketing,Male,Mid
1450,44,108645,11.22,27,6,HR,Male,Senior
1841,32,85426,16.12,10,5,Sales,Male,Senior
2225,50,46977,9.76,4,3,Engineering,Female,Entry
2094,46,47862,12.68,19,2,HR,Male,Mid
1127,28,92646,9.43,9,3,HR,Other,Entry
2205,29,129291,15.97,31,5,Sales,Other,Mid
1386,44,71321,10.0,17,4,HR,Female,Senior
1713,43,97263,15.28,34,1,Finance,Female,Lead
1028,24,81112,14.89,28,1,Finance,Other,Lead
1463,34,57766,9.45,26,1,Sales,Male,Entry
2686,44,46237,14.46,32,8,Marketing,Female,Entry
2691,29,76101,17.16,5,9,Finance,Male,Senior
1098,43,96918,17.6,14,1,Finance,Other,Senior
1328,46,80408,5.76,33,2,Operations,Male,Entry
2653,33,83117,15.09,18,8,Finance,Male,Mid
2021,31,101363,15.5,25,1,Sales,Male,Entry
2119,52,36716,12.77,14,2,Marketing,Male,Senior
2245,31,64610,18.66,26,1,HR,Other,Entry
1401,23,98056,12.5,12,1,Marketing,Female,Entry
1076,45,125694,7.31,9,3,Sales,Male,Senior
1212,47,126722,9.68,6,7,HR,Other,Entry
1449,45,133892,11.93,6,1,Sales,Male,Lead
1287,53,129084,7.85,4,1,Sales,Male,Lead
1299,23,88279,13.93,10,4,Engineering,Male,Entry
2124,28,70583,8.94,3,6,Sales,Female,Senior
1476,26,66727,8.66,8,9,Operations,Male,Mid
1346,38,116250,17.92,20,7,HR,Other,Entry
1673,45,49446,6.04,29,5,Marketing,Other,Senior
2504,29,108405,19.79,7,1,HR,Female,Mid
2762,56,53478,12.42,28,7,Engineering,Female,Lead
1977,46,48351,5.08,32,1,Finance,Male,Entry
1411,58,97695,15.69,11,4,Marketing,Other,Lead
1247,35,122601,17.76,13,2,Finance,Female,Lead
2563,46,35845,19.93,34,9,Operations,Male,Lead
1533,54,146859,5.63,3,7,HR,Other,Entry
1811,59,97843,14.96,19,6,HR,Other,Lead
1277,50,36910,9.88,31,3,HR,Male,Mid
2257,58,90058,19.64,34,4,Operations,Male,Lead
2770,23,88272,8.84,33,7,Finance,Other,Entry
2433,35,121668,17.06,12,2,Operations,Other,Entry
1552,37,120106,10.54,21,4,Operations,Female,Mid
1475,37,123059,7.5,27,9,Engineering,Other,Entry
2227,46,64542,6.31,14,4,Operations,Female,Senior
1538,37,33471,13.18,30,3,Sales,Female,Lead
1309,46,135432,15.56,16,6,Finance,Female,Mid
2587,52,41590,8.97,13,2,Marketing,Female,Entry
1120,58,129853,8.07,30,8,Sales,Male,Lead
1573,48,59309,15.7,19,4,Engineering,Male,Lead
2442,42,55879,16.95,18,4,HR,Female,Lead
1503,50,87775,16.59,24,2,HR,Other,Lead
1849,50,45036,18.55,24,1,Finance,Male,Mid
1859,40,60090,15.94,9,8,Operations,Other,Senior
1478,33,139079,10.04,4,2,Engineering,Male,Entry
2336,24,101442,11.17,29,3,Marketing,Male,Entry
1199,28,137210,17.76,17,3,Finance,Male,Senior
1974,48,143253,11.73,27,5,Engineering,Male,Mid
1358,53,54858,5.75,16,1,Sales,Other,Lead
1390,55,85147,5.53,34,9,HR,Other,Senior
1575,30,86614,14.94,6,9,Operations,Female,Lead
1107,26,87009,13.45,28,5,Engineering,Female,Mid
1259,59,53888,18.17,16,3,HR,Male,Senior
1892,54,106975,19.03,3,5,Finance,Female,Entry
2996,28,105451,18.16,24,3,Operations,Other,Senior
2604,33,124754,16.82,17,4,Engineering,Female,Senior
2680,41,55235,17.66,28,6,HR,Female,Lead
1971,39,53383,15.65,22,7,Marketing,Female,Senior
1030,28,80200,14.55,10,9,HR,Female,Mid
2619,58,54322,9.06,27,3,Sales,Female,Entry
2848,47,56672,16.48,11,5,Marketing,Other,Mid
2937,38,139781,11.94,10,8,Operations,Male,Senior
2217,56,97411,16.27,25,8,Marketing,Other,Entry
2036,58,104813,15.5,10,8,Marketing,Other,Lead
2425,56,39569,13.88,16,8,Marketing,Other,Lead
1113,36,129071,18.56,28,1,HR,Female,Senior
1072,22,79841,11.04,6,7,Operations,Male,Entry
2211,56,109190,10.46,18,3,Operations,Female,Mid
2232,23,132112,9.31,32,2,Marketing,Male,Mid
2633,26,110807,18.54,27,6,Operations,Female,Senior
2117,42,123905,7.34,13,7,Marketing,Other,Lead
1916,48,58795,18.72,17,4,Operations,Female,Lead
1783,52,67991,7.55,3,2,Engineering,Female,Mid
2892,59,107403,9.61,18,5,Sales,Female,Senior
2345,49,41738,15.86,23,3,Engineering,Male,Lead
1572,57,49715,8.11,13,6,Finance,Female,Mid
2997,35,138088,16.6,25,7,HR,Male,Entry
2156,38,46724,15.45,2,1,Finance,Male,Entry
1155,33,139538,7.87,23,4,Engineering,Other,Senior
2370,48,100188,13.72,0,7,Finance,Female,Senior
1206,44,79230,7.36,32,7,Finance,Male,Senior
1835,59,56170,16.04,33,5,Finance,Female,Entry
1156,23,83744,9.65,32,9,HR,Other,Senior
2746,22,120930,11.23,24,8,HR,Female,Entry
1556,31,91330,10.69,3,8,Finance,Male,Mid
1768,42,101947,12.95,3,1,Marketing,Male,Senior
1607,27,47015,16.22,5,9,HR,Female,Entry
1877,23,121353,9.41,29,2,HR,Female,Lead
1630,55,60682,14.45,24,4,Operations,Female,Lead
1467,40,124733,15.99,29,9,Operations,Other,Lead
1621,38,32643,16.6,5,1,Operations,Female,Mid
2612,29,78511,16.13,21,7,Engineering,Male,Mid
1151,36,83420,5.15,32,5,Finance,Male,Lead
2006,40,73472,15.23,1,8,Engineering,Other,Lead
2878,35,91610,6.26,17,3,Finance,Other,Senior
1940,26,128696,5.62,2,6,Marketing,Other,Mid
1306,50,84093,6.38,11,3,Sales,Female,Senior
1726,44,108707,6.18,21,8,Finance,Other,Entry
2695,50,86378,12.83,0,3,Engineering,Male,Entry
1172,27,44056,13.14,23,5,Finance,Female,Lead
2123,33,34378,19.53,28,3,HR,Other,Mid
1553,44,113820,5.68,21,2,Sales,Male,Mid
1812,58,69901,7.99,12,1,Sales,Female,Entry
2114,33,70197,13.34,17,1,Finance,Female,Lead
2125,31,142082,9.7,17,8,HR,Female,Senior
2031,22,147886,6.38,16,9,Finance,Other,Mid
1023,46,103965,15.12,6,3,Operations,Female,Senior
2836,42,46923,7.21,34,6,Operations,Other,Senior
1981,54,114866,9.1,12,3,Marketing,Female,Lead
2895,58,33866,8.27,7,4,Finance,Other,Entry
2615,44,31381,10.78,27,3,Sales,Male,Lead
1006,44,102909,5.67,5,4,Engineering,Other,Lead
2755,36,136966,5.46,12,2,Operations,Female,Entry
1564,29,52436,13.72,15,2,Finance,Female,Senior
2182,27,129821,11.63,11,5,Finance,Male,Mid
1942,29,80939,13.96,12,7,Sales,Other,Senior
1261,29,91063,8.71,19,9,Operations,Other,Lead
1887,51,59009,15.54,25,2,Engineering,Female,Senior
2357,53,144149,6.91,20,6,Marketing,Male,Senior
1195,24,50281,6.47,24,7,Sales,Other,Senior
2272,55,32282,6.23,33,6,Marketing,Male,Lead
2873,28,130368,9.59,29,4,Operations,Female,Mid
2395,38,60403,9.84,24,4,Finance,Male,Entry
2537,30,78456,7.58,9,4,HR,Female,Senior
2777,27,105357,13.91,30,3,Operations,Male,Senior
2554,47,54045,15.18,31,9,Operations,Female,Entry
2790,27,48971,17.95,31,6,Marketing,Female,Entry
1616,58,71800,16.65,24,9,HR,Male,Lead
2993,27,53091,16.09,5,3,HR,Male,Mid
1614,24,62972,17.36,22,4,HR,Other,Senior
2869,58,54472,5.81,24,4,Finance,Other,Entry
1054,47,108213,11.87,26,6,HR,Other,Lead
2903,25,111029,9.62,24,2,Engineering,Other,Mid
1102,56,137315,7.22,32,3,Engineering,Female,Mid
2142,43,36796,8.56,30,5,Operations,Other,Lead
1216,26,93936,18.6,24,1,HR,Male,Lead
1251,28,106295,7.44,20,1,Engineering,Male,Lead
1215,33,135387,10.81,0,1,Marketing,Other,Mid
2330,49,69332,6.83,2,5,Marketing,Other,Lead
1696,42,44357,6.65,31,6,Operations,Male,Lead
1186,30,120536,6.95,8,9,Finance,Female,Senior
1613,59,37896,14.82,15,5,Engineering,Female,Mid
2555,24,80876,9.85,22,6,Operations,Female,Entry
2260,36,129932,9.68,22,5,HR,Other,Lead
2543,29,92320,12.85,2,7,Sales,Male,Mid
1857,58,60930,18.41,29,9,Sales,Other,Mid
2818,25,81168,15.21,16,5,Marketing,Female,Lead
1899,31,106637,14.7,32,1,Finance,Male,Entry
1372,35,38706,18.27,9,3,Finance,Female,Mid
2479,28,31708,19.63,5,7,Engineering,Male,Lead
1027,36,65298,10.88,29,8,Finance,Male,Mid
1683,32,76760,14.28,14,9,Sales,Male,Entry
1397,25,51727,13.03,10,5,HR,Other,Mid
1641,51,95428,17.19,18,8,Operations,Male,Senior
2600,36,71160,12.18,10,6,Operations,Other,Senior
1947,35,116661,13.99,25,5,Finance,Female,Senior
1973,55,99785,10.12,15,1,Sales,Male,Mid
2502,54,86115,18.09,8,5,Finance,Male,Senior
1775,52,87828,14.46,31,6,Sales,Female,Lead
2474,41,68975,10.06,1,1,Finance,Male,Lead
1118,25,56715,18.33,2,8,Marketing,Other,Entry
1629,53,132304,17.36,2,6,Operations,Female,Senior
2708,29,76154,19.91,24,9,HR,Female,Mid
2648,51,126158,15.93,22,4,Operations,Female,Mid
1365,24,59739,10.32,23,8,Engineering,Male,Lead
1262,48,148527,10.34,19,8,Operations,Female,Senior
2256,39,49539,8.7,11,6,Engineering,Female,Entry
1636,24,78330,16.04,12,2,Finance,Male,Lead
1818,27,93370,5.24,34,5,Operations,Female,Mid
1595,32,110797,15.87,8,1,Marketing,Female,Senior
1827,22,82756,6.85,7,6,Marketing,Male,Senior
1270,26,36979,16.77,5,2,Engineering,Other,Lead
2478,35,56421,18.86,19,7,Sales,Other,Lead
2650,26,98487,18.92,22,4,Sales,Female,Entry
1529,24,113930,14.72,22,2,Finance,Female,Entry
2128,42,54000,11.97,13,5,Engineering,Other,Lead
2966,44,112152,17.93,32,9,Operations,Male,Lead
2644,31,146185,15.21,19,9,Sales,Other,Senior
2297,59,66788,14.05,34,9,Engineering,Other,Senior
2292,38,47514,5.35,11,5,Sales,Female,Mid
2015,22,125028,8.27,0,2,Sales,Other,Entry
1788,32,115445,9.07,34,4,Engineering,Female,Senior
2170,31,34648,11.89,9,3,Sales,Other,Senior
1303,38,52168,11.46,13,2,Sales,Male,Senior
1246,54,58138,19.03,12,1,Sales,Other,Senior
2531,47,58398,8.81,1,6,HR,Female,Entry
2210,51,108682,15.47,32,9,Operations,Other,Senior
1725,49,60573,14.64,13,2,Sales,Other,Senior
1663,51,36588,18.75,8,3,Sales,Female,Entry
1670,31,118553,11.22,11,7,Sales,Male,Mid
2596,57,108471,17.99,23,7,Finance,Female,Lead
2985,33,84254,18.77,25,2,Finance,Female,Lead
2090,38,148428,18.92,1,8,Operations,Other,Lead
1434,32,42087,17.14,25,6,Engineering,Male,Lead
1498,34,43428,19.71,11,3,Marketing,Female,Entry
1477,56,41005,9.01,11,7,Operations,Male,Senior
2621,59,62955,12.12,7,8,HR,Male,Entry
1310,45,107425,10.6,16,4,Marketing,Male,Mid
1166,54,55121,6.88,29,1,Sales,Other,Senior
1022,43,67685,18.47,23,3,Marketing,Female,Senior
2626,27,97628,19.92,32,2,Finance,Female,Senior
2944,51,122769,11.77,18,8,Engineering,Female,Senior
2328,58,111926,14.76,27,6,HR,Female,Mid
2839,30,146149,14.54,17,1,Engineering,Female,Entry
2075,26,140155,16.43,17,4,Sales,Other,Entry
2707,47,78766,16.53,19,7,Marketing,Female,Mid
2306,24,114162,14.04,31,4,Marketing,Female,Mid
2074,41,36581,13.65,3,8,Operations,Female,Lead
1124,57,106373,5.49,13,6,Operations,Other,Lead
1821,44,135487,14.84,25,4,HR,Other,Senior
2457,33,104965,9.43,25,9,Engineering,Female,Mid
2729,30,65205,8.82,12,4,Marketing,Female,Mid
2794,36,148062,9.99,12,2,Engineering,Other,Entry
1932,47,80100,16.24,25,3,Marketing,Female,Entry
2372,52,137674,16.35,12,3,Sales,Male,Entry
1769,27,91001,19.78,9,8,Marketing,Male,Mid
1360,22,74638,5.44,9,8,Finance,Other,Senior
2148,56,88557,13.21,11,5,Sales,Female,Mid
1285,54,47153,19.68,14,2,Sales,Other,Mid
2409,33,135455,10.85,17,3,Engineering,Female,Lead
2277,41,61705,12.57,2,1,Finance,Female,Lead
1901,31,62602,15.05,30,4,HR,Female,Entry
2332,34,51312,6.7,11,7,Marketing,Other,Lead
1631,49,127798,17.87,19,9,HR,Male,Entry
1675,55,92032,16.0,10,8,Engineering,Other,Entry
2536,27,49503,7.23,13,7,Marketing,Male,Lead
1353,30,43057,15.06,0,9,Engineering,Female,Mid
1623,35,48681,7.26,18,3,Finance,Female,Senior
1217,58,52614,5.24,9,3,Sales,Female,Senior
1897,43,85915,16.44,10,7,HR,Male,Mid
1964,56,101678,13.12,25,9,HR,Male,Entry
1966,47,52010,19.08,28,6,Sales,Male,Senior
2864,55,38016,9.11,30,8,Finance,Other,Senior
1878,35,120301,8.56,26,1,Operations,Female,Lead
1494,31,92539,15.45,4,4,Sales,Male,Senior
2030,29,93095,10.42,15,1,Engineering,Female,Senior
1235,56,74857,19.29,19,7,Finance,Other,Lead
1709,47,60651,13.7,17,4,Finance,Other,Lead
1931,33,123812,9.77,20,5,Engineering,Female,Mid
2278,50,68244,6.76,17,7,Operations,Male,Senior
2627,38,58220,8.03,33,3,Operations,Female,Lead
1962,31,76738,6.33,14,6,Operations,Male,Lead
1105,24,132821,11.47,15,4,Finance,Male,Entry
2558,39,81919,10.91,3,8,HR,Male,Mid
1928,29,132932,17.53,9,1,Sales,Female,Senior
1355,22,140804,8.06,21,2,Marketing,Female,Lead
1536,53,44472,16.15,1,2,Finance,Male,Entry
1344,51,87941,6.26,20,1,Engineering,Female,Mid
2200,28,102124,18.9,14,5,Marketing,Other,Lead
2404,35,44973,17.18,21,9,Operations,Female,Lead
1707,55,87326,8.06,33,8,Engineering,Other,Senior
2141,45,101344,19.15,4,7,Engineering,Female,Entry
2293,45,130962,11.44,12,8,Operations,Other,Senior
1240,23,100067,14.38,1,1,HR,Male,Mid
2690,37,127102,7.92,32,4,Finance,Other,Lead
2887,32,49611,13.97,11,3,HR,Male,Mid
2670,47,143365,5.76,9,7,Marketing,Male,Lead
2049,58,80500,8.6,6,6,Marketing,Female,Senior
2334,53,114526,7.75,21,5,Finance,Male,Lead
1896,25,102516,15.12,32,8,Finance,Female,Lead
2803,40,115992,8.13,31,2,Sales,Male,Entry
2675,58,118607,9.98,17,9,Finance,Other,Mid
2305,32,47858,16.87,9,9,Operations,Male,Entry
2342,45,146130,12.24,34,8,Finance,Female,Senior
2436,32,30358,6.39,32,9,Marketing,Other,Mid
1415,54,77701,6.68,17,3,Marketing,Female,Entry
1207,52,103616,6.78,11,8,Sales,Other,Lead
2635,33,89766,11.77,13,3,Engineering,Other,Senior
2856,46,140153,17.19,15,4,Marketing,Other,Mid
1576,54,35105,10.2,3,7,HR,Other,Mid
1571,58,56201,5.22,17,7,Sales,Other,Entry
1731,35,126468,6.0,14,8,Operations,Other,Senior
1744,43,59118,6.88,29,6,HR,Male,Lead
2765,32,115716,9.74,28,1,Finance,Other,Lead
2822,32,137692,6.26,28,3,Operations,Female,Lead
2940,29,120306,11.24,15,5,Marketing,Male,Mid
2022,40,62762,11.16,12,8,Marketing,Female,Lead
2042,56,96314,16.22,34,8,Engineering,Other,Entry
1254,54,72533,10.86,8,1,HR,Female,Entry
2595,53,72727,8.71,17,6,Finance,Male,Entry
2606,39,45038,17.56,27,4,Engineering,Other,Entry
1075,30,149863,18.52,1,6,Finance,Male,Entry
1528,22,60447,11.15,25,1,Marketing,Other,Mid
2814,51,82389,10.35,22,5,HR,Male,Entry
1220,56,100476,16.96,7,2,Operations,Female,Entry
1570,49,144245,16.38,29,5,Sales,Male,Entry
2882,56,45193,18.07,9,1,Marketing,Other,Senior
2669,41,119400,7.54,32,9,HR,Male,Senior
2942,24,136984,10.95,16,2,Finance,Male,Entry
2737,59,101274,12.7,19,1,Finance,Other,Senior
1585,26,142443,16.37,9,4,Marketing,Other,Mid
1228,32,119570,13.11,13,4,Finance,Other,Senior
2445,41,67772,13.27,34,9,Marketing,Female,Entry
1521,40,51621,9.28,0,9,Engineering,Male,Senior
2411,50,140659,7.07,3,2,Sales,Female,Mid
1764,27,62658,5.83,16,1,HR,Female,Entry
2177,42,98648,12.45,12,6,Operations,Female,Senior
1300,48,119489,7.58,7,5,Engineering,Female,Senior
2133,47,125074,9.72,12,2,Sales,Female,Entry
2056,28,102692,13.62,1,9,Finance,Female,Lead
2475,36,147850,19.12,8,3,Finance,Other,Lead
2130,23,105868,9.75,17,8,Marketing,Female,Lead
1583,27,43493,17.79,4,5,Operations,Female,Lead
2454,56,50219,12.11,10,2,Marketing,Male,Senior
1560,59,111906,14.48,19,4,HR,Other,Mid
1163,44,119881,17.27,3,3,Engineering,Male,Mid
1110,48,62371,17.59,14,6,HR,Other,Lead
1760,58,118664,16.84,9,1,Engineering,Female,Entry
1524,49,89792,17.31,16,7,HR,Female,Entry
1869,59,39346,14.35,29,3,HR,Other,Entry
2754,28,62441,5.91,34,3,HR,Female,Senior
2230,54,108931,5.76,32,3,HR,Male,Senior
1128,43,100017,18.19,6,3,Sales,Male,Lead
1693,50,77945,17.49,20,9,HR,Other,Mid
2055,31,46288,19.84,14,5,Operations,Female,Lead
2812,37,59320,8.14,26,7,Finance,Male,Lead
1945,30,40449,9.43,1,7,Operations,Female,Entry
2196,44,90348,8.97,24,8,HR,Male,Mid
2949,22,133547,17.26,10,9,Engineering,Male,Lead
1491,39,108229,13.63,9,9,Finance,Other,Mid
1736,59,144586,15.36,30,6,HR,Other,Lead
1392,31,79666,11.17,23,7,Marketing,Female,Mid
1167,22,67487,10.05,10,3,Finance,Other,Entry
1451,53,32023,5.2,31,3,Marketing,Male,Mid
2446,27,88478,12.85,33,4,Marketing,Female,Senior
1751,25,121179,16.64,33,4,Sales,Male,Entry
1778,24,51384,17.4,26,9,Sales,Male,Entry
1735,39,30781,8.69,6,2,Operations,Male,Mid
1089,30,127359,19.89,22,9,Sales,Female,Lead
2700,55,123814,14.78,7,2,Engineering,Female,Senior
1308,56,79145,14.62,9,4,Marketing,Female,Senior
1313,57,32461,15.08,0,3,HR,Female,Mid
1492,33,79815,5.33,14,8,HR,Other,Mid
2923,55,82870,15.43,32,9,Operations,Other,Mid
2573,43,47611,13.5,13,4,Marketing,Female,Mid
1920,47,71814,14.16,1,1,Sales,Female,Senior
1077,22,55032,19.85,16,6,HR,Female,Lead
2769,31,59796,9.44,8,3,Engineering,Other,Lead
2223,36,33744,7.45,4,8,Engineering,Other,Senior
2398,38,36344,6.38,8,5,Finance,Other,Lead
1770,27,79159,7.49,23,1,Operations,Other,Lead
1426,29,119464,11.65,10,6,HR,Other,Entry
1329,43,73950,14.41,5,2,Operations,Other,Senior
2347,34,77498,14.5,32,5,HR,Other,Mid
1733,24,48133,18.74,24,9,Marketing,Female,Mid
2713,25,142056,6.91,10,7,HR,Female,Mid
2972,22,138905,16.29,10,5,Marketing,Female,Entry
1740,58,48489,15.25,17,5,Operations,Other,Entry
1084,56,80331,5.49,5,2,Operations,Male,Mid
1875,38,66116,13.32,23,2,Engineering,Male,Senior
2002,50,64228,17.34,5,7,Engineering,Female,Senior
2096,43,61259,5.66,18,4,Engineering,Other,Mid
2379,28,107362,15.27,4,1,Operations,Female,Mid
1805,54,95031,9.23,21,6,HR,Male,Mid
2547,28,110018,8.01,24,5,HR,Female,Mid
2093,23,48230,8.59,34,6,Operations,Female,Lead
2174,40,74602,5.99,6,7,Sales,Male,Entry
2097,25,129075,15.4,17,4,Marketing,Other,Lead
1227,45,58082,13.01,6,5,HR,Female,Entry
1184,37,33191,19.24,17,5,HR,Male,Lead
1265,42,126718,15.16,1,5,Operations,Female,Entry
2275,25,119900,5.45,5,6,Operations,Female,Mid
1457,56,134195,12.34,3,2,Marketing,Other,Entry
2317,26,105769,5.08,0,7,Finance,Female,Entry
1021,33,61055,12.22,0,8,Finance,Female,Senior
2012,51,94307,10.85,0,9,Marketing,Female,Lead
1936,54,85267,11.28,14,4,HR,Female,Senior
1598,46,67481,13.77,30,2,Engineering,Other,Mid
2388,43,52052,9.77,32,3,Engineering,Other,Lead
2067,26,139632,7.34,24,6,HR,Other,Mid
2051,35,88643,6.74,11,5,Marketing,Other,Mid
1790,36,110257,17.44,24,1,Marketing,Male,Mid
2166,33,80952,11.82,31,4,Engineering,Other,Senior
1657,48,87714,11.09,4,2,Finance,Other,Mid
1819,31,110685,12.84,2,5,Finance,Other,Entry
2000,53,34493,14.06,2,8,Finance,Other,Senior
1009,45,78895,16.42,3,3,Engineering,Other,Senior
1042,28,119099,17.44,14,5,HR,Male,Mid
2027,53,136108,16.7,23,7,Operations,Female,Mid
2867,38,61881,17.8,22,3,Finance,Other,Senior
2234,55,74409,9.98,29,6,HR,Other,Lead
1033,39,147217,19.3,33,9,Sales,Female,Lead
2951,42,79067,17.8,5,5,Sales,Male,Senior
1376,26,111942,16.8,10,4,Sales,Female,Mid
2471,50,122021,19.95,26,3,Finance,Other,Lead
1112,36,101229,11.45,22,2,HR,Male,Mid
2440,49,129931,9.61,31,2,Operations,Female,Lead
2448,26,56762,9.47,24,6,Finance,Male,Entry
2431,53,112302,13.59,29,9,Engineering,Female,Entry
1447,39,97364,18.27,12,6,HR,Male,Entry
1159,38,34798,11.24,1,2,Marketing,Female,Senior
1170,47,51223,8.31,17,3,Finance,Other,Lead
1691,24,139153,12.56,19,8,Finance,Female,Entry
2195,38,108279,9.57,19,6,Operations,Male,Mid
1408,56,55498,5.42,22,8,HR,Female,Mid
1632,52,126894,16.76,33,5,Sales,Female,Entry
1526,49,64051,12.27,23,6,Operations,Other,Senior
2979,27,127618,8.63,17,7,HR,Other,Senior
2632,58,100721,17.34,6,8,Sales,Female,Mid
1243,57,133814,12.52,11,7,Sales,Male,Entry
2541,53,38016,10.57,10,4,Engineering,Male,Lead
2204,30,85398,17.87,26,8,Engineering,Female,Entry
2645,50,76092,7.49,18,6,Finance,Other,Senior
1767,43,32551,11.58,1,9,Marketing,Other,Entry
1137,49,54022,12.73,15,8,Marketing,Female,Senior
1179,26,138940,12.76,8,2,Finance,Female,Lead
1275,49,91558,14.02,29,6,Sales,Male,Entry
2721,47,74757,10.25,14,4,Operations,Other,Mid
2179,44,100028,16.64,25,9,Finance,Female,Entry
2529,23,52190,6.48,10,7,Engineering,Other,Mid
2609,54,107064,14.38,20,5,Marketing,Female,Entry
1669,38,121006,19.08,18,3,Finance,Male,Senior
2371,38,119859,8.8,4,1,Engineering,Female,Lead
1288,44,138212,13.73,22,5,Sales,Other,Senior
2463,46,88342,14.79,15,7,Sales,Male,Senior
2024,54,80139,19.14,23,5,Finance,Male,Lead
1697,26,141672,18.88,21,6,Engineering,Female,Entry
2965,54,79429,12.18,24,6,Finance,Female,Senior
1655,51,56928,18.38,3,9,Operations,Other,Mid
1369,58,57044,13.92,31,1,Marketing,Other,Entry
1965,46,42109,19.77,9,1,Marketing,Other,Mid
1698,39,98673,14.47,17,9,Marketing,Other,Senior
1286,42,89765,13.33,2,2,Marketing,Male,Entry
1668,31,54259,5.08,17,7,Operations,Other,Senior
1963,47,133965,19.88,29,1,Finance,Other,Senior
1387,31,132031,17.98,32,4,Engineering,Male,Senior
2698,26,101121,19.36,4,2,Operations,Male,Lead
2376,27,102127,6.92,34,8,HR,Female,Senior
1550,22,65525,15.6,29,7,Engineering,Other,Senior
2582,54,57810,18.58,16,9,Finance,Female,Entry
2918,44,63487,9.89,12,2,Marketing,Other,Lead
2374,45,77093,18.86,11,1,Finance,Male,Entry
1523,34,107984,12.66,25,3,Finance,Other,Senior
2001,51,80085,17.95,5,5,HR,Other,Entry
2977,25,126762,15.58,0,9,Finance,Female,Mid
1566,57,32096,13.22,14,7,Finance,Male,Entry
1026,37,41138,12.91,34,1,Operations,Male,Lead
1980,45,45282,14.71,23,9,HR,Male,Senior
2441,50,60654,12.38,16,2,Finance,Female,Entry
2570,27,107949,18.11,33,2,HR,Female,Mid
1405,41,134749,13.85,17,8,Engineering,Other,Mid
1759,40,56390,13.28,21,1,Engineering,Male,Lead
2396,33,96321,13.32,31,6,Sales,Other,Entry
2797,32,136239,14.94,4,8,Sales,Other,Senior
2349,57,146517,10.97,27,3,HR,Other,Senior
2817,34,64773,12.68,15,3,Sales,Other,Senior
2382,55,109674,6.91,12,1,Marketing,Male,Lead
2298,34,105749,12.85,21,2,Marketing,Other,Entry
2276,29,97534,11.67,18,7,Finance,Female,Entry
2014,25,76733,5.68,16,6,Sales,Other,Entry
2324,26,131665,9.86,0,3,Sales,Male,Entry
2207,50,111348,16.72,26,1,Operations,Other,Lead
2285,26,102982,16.52,3,2,Operations,Female,Entry
1596,42,31431,16.19,16,9,Engineering,Male,Entry
2647,33,40350,15.36,2,7,Operations,Female,Lead
2023,55,38259,13.41,0,4,Finance,Other,Lead
1872,36,89165,10.65,4,6,Sales,Male,Entry
1245,25,87906,9.69,32,2,HR,Male,Mid
2291,39,109285,14.67,17,8,Engineering,Female,Entry
2311,46,98670,19.46,30,9,Sales,Female,Entry
2665,35,65596,13.25,18,7,Marketing,Other,Senior
1208,51,37099,16.47,2,7,Marketing,Female,Mid
2938,37,92522,5.5,28,7,Engineering,Female,Senior
1330,43,86849,10.78,7,9,Operations,Female,Mid
1685,29,74629,12.04,23,5,Finance,Other,Lead
1708,35,120023,5.64,6,9,HR,Female,Mid
1361,37,121598,10.34,7,2,Operations,Other,Mid
2079,30,138392,5.25,1,9,Finance,Other,Lead
1542,57,64865,19.84,25,7,Finance,Other,Lead
2757,40,130252,10.42,22,1,Marketing,Male,Senior
2663,27,52173,5.62,9,1,Marketing,Female,Mid
1350,58,123980,19.94,22,1,Sales,Male,Entry
1119,51,57605,13.17,31,7,Operations,Female,Mid
1799,26,34135,7.61,16,5,HR,Female,Entry
2671,50,60750,14.26,18,1,Finance,Female,Senior
2005,37,61655,6.75,22,1,Sales,Female,Senior
1612,26,39833,9.18,27,1,Finance,Male,Senior
2157,22,33828,9.87,3,9,HR,Male,Lead
1763,55,133850,12.12,28,9,Finance,Female,Senior
2135,42,103869,16.71,13,1,Finance,Male,Senior
2470,24,138707,18.62,23,3,Engineering,Other,Lead
2785,58,75968,13.68,19,8,Sales,Other,Mid
1004,42,50609,12.46,17,5,Finance,Male,Lead
1695,40,113457,17.95,9,8,Sales,Female,Lead
2823,28,113692,10.79,25,1,Operations,Female,Senior
1050,27,58179,17.81,28,9,Marketing,Other,Mid
1336,26,128605,14.26,10,8,Finance,Female,Senior
1885,50,101986,5.1,14,1,Sales,Male,Mid
1919,57,66598,15.43,8,4,Engineering,Other,Mid
1078,29,67846,19.32,11,3,Sales,Male,Senior
2871,56,130462,8.47,19,9,Sales,Male,Mid
1703,22,42924,13.32,28,4,Operations,Male,Entry
1181,27,83352,14.43,28,8,Finance,Female,Mid
1891,59,114246,15.56,28,6,HR,Female,Lead
1249,41,137268,14.42,33,6,HR,Male,Entry
2792,44,117592,9.4,26,2,Operations,Other,Entry
1371,50,96912,10.0,26,1,Finance,Other,Lead
2304,55,130127,16.71,15,9,Marketing,Other,Lead
1435,50,53762,16.8,25,4,Engineering,Male,Mid
1894,48,111557,15.62,28,4,Finance,Female,Lead
1957,22,95677,16.92,19,1,Marketing,Other,Entry
1939,25,83798,9.41,15,1,Engineering,Other,Lead
1951,22,88810,10.1,7,3,Marketing,Other,Lead
1950,44,97990,18.69,7,9,Marketing,Male,Lead
2282,24,104878,12.61,2,4,HR,Female,Mid
1325,53,144726,16.58,11,4,Marketing,Other,Mid
2136,32,35410,10.97,32,2,Marketing,Other,Mid
1204,49,81399,8.2,18,9,Engineering,Female,Lead
2904,34,123574,12.16,6,9,Operations,Other,Lead
1427,50,45379,13.3,27,9,Sales,Other,Entry
2004,51,81875,12.29,17,5,Marketing,Other,Senior
1153,53,30163,18.24,9,4,Sales,Male,Lead
1340,51,124870,12.47,7,6,Engineering,Female,Lead
2300,30,92493,12.06,28,4,Engineering,Other,Entry
2828,28,126035,9.93,8,4,Operations,Male,Senior
2870,36,136882,15.04,2,5,Finance,Other,Mid
1738,36,57624,12.52,4,4,HR,Female,Senior
1802,25,115120,19.76,1,4,Operations,Other,Senior
2505,32,102702,5.0,19,4,Sales,Other,Senior
1724,47,39283,17.51,1,4,Operations,Male,Lead
2267,58,108928,13.18,14,3,Engineering,Other,Mid
1642,38,80601,15.6,18,6,Operations,Other,Lead
2221,47,68211,6.4,4,1,Engineering,Other,Lead
1765,58,36852,19.14,6,5,Sales,Other,Entry
2050,42,109151,7.16,2,1,Operations,Other,Senior
1739,46,36823,19.64,11,8,HR,Male,Entry
1055,55,147407,16.72,20,6,Engineering,Female,Senior
1926,59,85077,13.35,5,3,Engineering,Male,Lead
1912,50,97494,8.23,24,8,Engineering,Other,Lead
1276,51,116205,19.86,6,9,HR,Male,Mid
1292,46,39503,14.08,28,8,HR,Other,Senior
1130,23,119818,6.43,33,1,Finance,Male,Mid
1402,49,33081,16.78,24,4,Engineering,Male,Lead
2800,42,84120,17.24,24,6,Operations,Male,Lead
2255,25,47154,17.04,25,3,Marketing,Male,Senior
1946,50,80290,14.29,26,4,Operations,Male,Mid
2496,39,43893,7.49,26,3,Operations,Female,Mid
1694,53,43140,10.44,0,7,Operations,Female,Lead
2920,59,85668,10.25,18,7,Sales,Other,Senior
1297,43,46905,15.35,7,5,Engineering,Male,Entry
1961,30,45037,17.74,8,1,Sales,Male,Mid
2270,32,124475,14.85,12,1,Finance,Male,Entry
2171,33,63623,11.46,24,5,Sales,Other,Senior
2624,41,40207,13.3,26,1,HR,Male,Lead
2662,36,45592,19.83,26,2,HR,Male,Mid
1797,29,109473,9.68,16,1,HR,Male,Senior
2852,45,85860,5.38,4,3,Operations,Male,Senior
1862,25,141979,19.83,22,7,Sales,Male,Lead
1665,26,36304,9.63,23,2,Finance,Male,Senior
1087,49,39074,9.13,5,2,Sales,Male,Entry
2236,34,49086,18.06,15,1,Finance,Female,Entry
2623,46,140252,5.39,3,7,HR,Other,Entry
1723,35,93870,13.77,11,7,Finance,Male,Lead
2025,44,44849,6.24,9,7,Sales,Female,Senior
2932,52,57606,5.84,1,3,Engineering,Female,Entry
1282,50,55227,19.66,6,6,Sales,Other,Lead
2222,44,112909,11.16,27,7,Engineering,Female,Entry
2427,36,86882,10.47,16,6,Finance,Female,Senior
2861,54,48199,18.89,33,8,HR,Other,Lead
2793,37,96914,8.99,24,5,Marketing,Female,Lead
2936,33,41308,7.51,3,4,Engineering,Male,Mid
2888,45,73791,6.23,20,7,Engineering,Other,Lead
1238,39,78355,17.13,25,7,HR,Female,Mid
2860,31,147861,13.19,13,1,Marketing,Male,Mid
1062,35,102146,10.65,16,7,Engineering,Female,Entry
1143,24,52740,13.2,1,4,Finance,Other,Lead
1609,38,62591,12.93,6,9,Sales,Other,Mid
1382,57,86447,16.56,6,8,Marketing,Male,Senior
1676,27,105415,15.14,34,6,Marketing,Female,Mid
1020,54,121245,17.96,7,9,Finance,Other,Mid
2339,34,70379,14.34,20,8,Operations,Female,Entry
1608,49,80057,8.38,0,7,Marketing,Other,Lead
2202,36,52432,11.3,18,7,Operations,Other,Entry
2477,51,54842,15.99,2,9,Finance,Other,Senior
1422,56,145725,11.69,2,4,Marketing,Other,Senior
1847,22,118708,12.36,21,7,Finance,Female,Mid
2464,38,144516,7.31,11,6,Engineering,Other,Mid
2943,37,32204,12.11,20,4,Marketing,Male,Mid
1440,31,133555,9.78,8,2,Engineering,Male,Mid
2253,35,136022,13.77,21,7,HR,Male,Mid
1780,58,70846,10.31,18,3,Engineering,Female,Senior
1367,47,138821,8.23,17,3,Engineering,Female,Entry
2617,35,49810,19.29,13,9,Engineering,Male,Senior
1986,42,35075,16.76,7,3,Operations,Female,Entry
2321,36,115920,5.28,8,2,Operations,Other,Lead
2716,40,119081,9.54,7,7,Engineering,Male,Lead
2469,28,65428,6.12,5,1,HR,Female,Senior
1781,57,117983,9.54,20,1,HR,Female,Lead
1388,26,95095,18.73,33,9,Marketing,Male,Senior
1378,37,59725,12.7,33,5,Marketing,Female,Lead
1972,48,91709,9.09,28,1,HR,Other,Entry
1066,39,72913,17.12,14,1,Operations,Other,Lead
1741,49,148555,10.63,1,9,Marketing,Other,Lead
1902,54,104658,12.02,1,7,Finance,Female,Lead
2752,22,139988,6.93,29,6,Marketing,Female,Mid
2546,41,141431,12.54,10,3,Finance,Male,Lead
1911,26,30155,16.31,0,1,Sales,Male,Lead
2616,35,96634,17.82,17,9,Finance,Female,Senior
2780,47,46211,17.47,26,9,Finance,Female,Lead
2172,37,89156,9.57,33,3,Operations,Female,Entry
1455,44,122197,15.83,5,2,Operations,Other,Lead
1088,28,36406,14.33,32,4,Marketing,Male,Entry
1267,54,107360,8.08,15,1,Marketing,Female,Lead
1638,22,107454,15.0,8,3,Engineering,Female,Mid
2018,24,128234,6.59,10,7,Finance,Male,Lead
2020,31,128344,12.85,21,1,Engineering,Male,Entry
2787,57,52005,10.41,8,8,Finance,Female,Entry
2722,49,56917,8.66,16,3,Marketing,Other,Lead
2466,29,31307,13.17,20,5,Sales,Other,Lead
1221,40,147959,14.24,28,9,Operations,Female,Lead
3000,42,110360,13.02,13,9,Engineering,Male,Mid
1985,49,89675,19.12,27,1,Marketing,Other,Mid
1109,35,72468,9.9,34,4,Sales,Other,Mid
2540,52,135388,18.05,34,7,Sales,Female,Mid
1701,42,126111,19.61,27,9,Operations,Male,Entry
1658,55,117896,5.21,29,9,Finance,Other,Lead
1049,23,63613,10.89,20,8,HR,Male,Lead
1752,31,53648,6.92,14,5,Marketing,Female,Senior
1034,25,144055,12.84,0,9,HR,Other,Mid
2323,29,75734,19.15,20,7,Marketing,Male,Lead
2009,35,89711,16.01,19,2,Engineering,Male,Entry
2106,42,47569,19.43,4,9,Finance,Male,Lead
1844,33,132168,17.82,26,3,Finance,Other,Lead
2567,50,49337,16.79,7,2,Operations,Female,Lead
2150,55,67418,18.52,2,8,Engineering,Other,Entry
1548,36,36397,15.94,15,1,Operations,Other,Senior
1943,49,59516,14.8,15,5,Marketing,Other,Entry
2363,35,72417,15.9,24,5,Finance,Female,Entry
2476,46,31140,12.95,27,8,Operations,Male,Mid
1180,55,147360,9.03,13,9,Sales,Male,Mid
1581,34,73619,11.5,31,5,Sales,Female,Lead
2947,26,82428,12.02,12,2,HR,Female,Lead
2660,58,58454,13.69,14,7,Finance,Other,Lead
1403,53,64196,13.98,3,1,Engineering,Other,Lead
1554,32,114530,10.25,11,3,Operations,Female,Senior
2764,47,124230,13.82,32,3,Operations,Female,Lead
2926,29,83554,6.98,6,9,Finance,Female,Lead
2974,24,62793,18.14,0,4,Marketing,Male,Mid
1754,39,71971,11.53,5,2,Operations,Male,Lead
1315,22,76804,12.89,3,1,Operations,Other,Mid
1577,41,147666,10.86,33,5,Operations,Other,Mid
2975,44,143688,15.84,12,2,Finance,Male,Entry
1209,56,148614,15.07,25,9,HR,Female,Mid
1317,37,123471,5.03,33,9,Sales,Female,Entry
1048,25,104270,19.51,0,9,Operations,Other,Senior
1782,45,97821,19.63,23,3,Sales,Female,Entry
2825,31,115896,18.29,11,9,Sales,Female,Mid
2666,23,64324,19.45,27,9,Sales,Female,Senior
1239,39,39866,15.16,10,5,Marketing,Male,Entry
1012,24,104520,19.43,25,1,HR,Other,Lead
2213,38,65820,5.09,32,2,Engineering,Other,Mid
2642,35,134769,16.95,2,4,Operations,Female,Senior
1711,30,78777,19.23,8,8,Marketing,Male,Mid
2449,24,43283,9.17,3,1,Marketing,Other,Lead
2098,47,117445,14.72,15,8,Marketing,Male,Senior
1817,54,92987,19.11,15,3,Engineering,Other,Entry
2451,59,69420,14.78,9,3,Marketing,Female,Senior
1563,49,37999,5.73,27,5,Operations,Female,Senior
2628,46,114050,8.87,29,1,HR,Female,Lead
2089,38,91944,9.98,13,8,HR,Female,Entry
1432,28,35110,17.42,1,3,Finance,Other,Entry
1660,54,59055,9.68,3,1,Operations,Male,Entry
1356,22,149246,14.81,9,4,Operations,Male,Entry
1540,32,125804,11.76,33,1,Marketing,Female,Senior
2827,52,120887,7.28,14,6,Finance,Other,Lead
1604,56,64742,13.24,28,7,HR,Other,Lead
1561,33,124788,6.43,14,1,Marketing,Other,Senior
1728,45,35774,6.42,22,6,Sales,Other,Entry
2286,44,80583,11.52,4,6,Engineering,Other,Entry
1399,45,125081,16.76,25,6,Marketing,Female,Lead
1121,44,61174,8.83,17,8,Marketing,Other,Mid
1162,49,59300,18.44,8,6,Engineering,Male,Lead
2063,50,39168,16.91,12,9,Engineering,Female,Mid
1495,38,96077,12.44,28,1,HR,Male,Entry
1789,25,107067,6.48,30,1,Sales,Male,Lead
2520,23,66593,9.46,28,1,Finance,Male,Senior
1419,33,65851,16.2,12,7,Marketing,Female,Entry
1884,36,75096,13.85,33,6,Engineering,Other,Mid
2214,35,96262,5.93,15,5,HR,Other,Entry
2981,43,136956,16.16,30,3,Sales,Male,Entry
2017,50,41240,13.72,2,4,Operations,Female,Mid
1848,43,62994,11.1,19,8,Sales,Female,Entry
1944,52,86526,7.88,20,9,HR,Female,Senior
2393,25,57734,18.37,11,4,Engineering,Female,Senior
1452,58,149654,9.44,34,6,Engineering,Other,Entry
2365,50,37069,19.92,31,5,Engineering,Female,Senior
1773,32,51800,7.33,18,5,Operations,Male,Senior
2696,53,101126,6.02,32,9,Engineering,Other,Entry
2625,23,117329,12.81,4,1,Finance,Male,Entry
1319,33,128989,6.76,21,7,Marketing,Female,Lead
2776,23,84040,11.54,12,1,Engineering,Female,Mid
1745,47,130417,8.01,16,6,Sales,Other,Lead
2129,49,141032,10.69,2,7,Finance,Other,Entry
1865,39,73732,12.8,34,4,HR,Female,Senior
1984,47,54264,6.72,27,2,Engineering,Female,Senior
2909,42,70992,11.03,32,1,Marketing,Other,Mid
2039,49,39885,8.35,25,2,HR,Female,Senior
2289,41,130123,14.98,27,3,Operations,Male,Senior
2710,48,109563,15.95,23,6,Operations,Male,Senior
1508,22,36256,15.1,8,9,HR,Other,Senior
1404,48,66735,8.02,18,1,Operations,Male,Mid
2835,43,115140,10.5,5,4,Engineering,Female,Lead
1331,27,130500,19.04,10,3,HR,Female,Mid
2246,51,40058,13.21,7,4,Engineering,Female,Lead
1730,47,40983,15.54,3,1,Sales,Male,Senior
2742,34,35571,5.91,10,3,Marketing,Other,Mid
2162,58,35482,11.61,8,9,HR,Other,Entry
2312,55,146758,7.03,25,2,HR,Other,Mid
2026,49,111768,8.81,34,8,Finance,Female,Mid
2808,50,141715,7.06,26,9,HR,Female,Entry
2876,31,54087,5.08,34,9,Marketing,Other,Mid
1866,29,111623,12.83,33,3,HR,Male,Senior
2066,22,89871,13.36,29,9,Operations,Male,Lead
2081,56,56649,6.15,28,4,Marketing,Female,Mid
2206,44,33321,19.2,25,5,Finance,Male,Mid
1147,30,86532,10.43,24,1,Sales,Female,Senior
2576,24,82887,5.36,11,2,Engineering,Female,Senior
2727,46,109623,6.04,32,5,HR,Female,Senior
2984,58,108915,16.24,28,9,Operations,Female,Lead
1242,37,133634,17.25,29,4,Finance,Male,Mid
2655,41,88394,5.83,17,2,Engineering,Female,Entry
2548,32,70510,9.73,20,3,HR,Female,Lead
1169,23,63361,11.09,20,7,Operations,Female,Senior
1357,55,85731,17.28,5,2,Finance,Female,Senior
2244,37,81649,9.45,17,4,Operations,Female,Mid
1955,57,102237,10.2,7,7,Finance,Other,Entry
1504,58,111580,19.27,22,5,HR,Female,Mid
1114,47,81196,17.69,33,1,Finance,Other,Mid
2279,31,104964,7.54,8,3,Sales,Female,Lead
1161,23,147043,14.14,23,9,Finance,Other,Mid
2235,51,54306,14.94,25,8,Sales,Male,Senior
1983,43,51778,9.41,28,4,Marketing,Other,Mid
1837,51,50095,18.04,24,5,Marketing,Female,Lead
1024,48,44716,7.05,18,1,Finance,Other,Senior
1633,29,44289,11.43,20,4,Sales,Other,Lead
1845,56,122051,7.48,5,1,Sales,Other,Mid
1031,42,101308,12.47,19,7,Operations,Female,Senior
2043,53,95087,13.42,12,9,Operations,Male,Lead
2705,39,103463,5.89,6,3,HR,Female,Entry
1226,54,37788,15.59,15,4,Operations,Male,Lead
1063,44,101966,13.28,22,7,Finance,Male,Lead
1001,50,54226,15.35,3,8,HR,Other,Entry
1348,49,73541,12.69,19,3,Marketing,Other,Lead
2139,56,93315,14.87,33,6,Marketing,Male,Lead
2415,36,32352,11.07,34,9,Engineering,Male,Entry
2377,40,144650,11.64,11,5,Marketing,Female,Mid
2749,46,32224,6.37,13,3,Marketing,Female,Entry
1175,32,60620,11.22,17,8,Engineering,Other,Entry
2076,58,101853,16.72,15,8,Finance,Other,Senior
1097,56,73108,5.41,32,5,Finance,Other,Senior
2578,31,79847,6.91,1,9,Sales,Female,Entry
2811,29,111423,5.37,11,4,Sales,Female,Lead
1640,51,134646,16.22,1,5,Operations,Other,Mid
1019,42,61552,13.41,26,5,Marketing,Male,Mid
1606,42,103997,14.55,30,9,Marketing,Male,Lead
2344,37,142094,15.09,1,7,Operations,Other,Entry
2092,30,58803,8.36,32,6,Marketing,Other,Lead
1224,41,93530,13.38,15,5,Operations,Male,Mid
1840,35,39752,18.98,16,4,Engineering,Female,Lead
2781,46,135426,7.66,14,7,Marketing,Male,Senior
2538,27,130167,18.18,34,8,Engineering,Female,Lead
2890,25,106240,14.37,2,2,Sales,Male,Senior
1991,43,78200,17.84,26,8,Operations,Other,Mid
1776,45,37239,8.3,9,9,Finance,Other,Senior
2561,33,148805,12.04,7,6,Marketing,Other,Entry
1082,29,91588,14.53,19,9,Operations,Male,Entry
2682,55,42145,15.31,1,6,Marketing,Other,Mid
2847,37,103016,9.86,9,3,Finance,Other,Mid
2718,37,61897,15.51,27,4,Marketing,Male,Entry
2559,33,129441,14.05,27,4,Sales,Male,Lead
1389,57,52656,17.9,19,4,HR,Male,Lead
1079,45,89474,12.42,5,8,Marketing,Male,Entry
1400,37,140058,11.29,32,9,Finance,Male,Mid
2381,53,48693,17.56,21,2,Finance,Other,Senior
1126,53,91949,10.47,5,1,Finance,Female,Mid
2566,29,148325,7.24,32,2,HR,Female,Lead
2853,40,92507,16.82,22,4,Finance,Female,Entry
1519,31,46184,8.05,4,5,Marketing,Female,Lead
1106,22,147990,15.79,13,7,Engineering,Male,Mid
1136,32,53177,17.37,11,1,Operations,Other,Lead
2402,47,50538,18.48,14,6,Operations,Female,Entry
2333,38,123376,19.95,1,3,Finance,Other,Entry
1041,49,70108,5.21,24,9,HR,Male,Senior
1192,57,72080,11.73,18,9,Operations,Female,Senior
2108,59,41190,16.25,31,9,Marketing,Male,Mid
2807,48,54972,5.86,16,1,Engineering,Female,Senior
1895,54,36416,12.14,10,3,Sales,Male,Mid
2963,35,91215,10.65,6,9,Operations,Other,Entry
1379,47,35926,8.8,22,4,Finance,Other,Senior
1431,55,119822,18.09,11,9,HR,Other,Mid
2551,25,98026,10.4,18,9,Operations,Male,Mid
1414,22,114899,18.86,7,1,Finance,Female,Mid
1816,24,32591,16.48,32,9,Finance,Other,Senior
1347,40,88712,17.26,29,4,HR,Female,Entry
2176,52,79334,11.3,2,7,Sales,Male,Entry
1453,33,89796,11.89,14,6,HR,Female,Senior
2356,31,121575,17.6,1,6,Marketing,Other,Mid
1786,41,36971,6.15,2,8,Sales,Other,Entry
2243,50,144889,8.13,23,3,Engineering,Male,Mid
1273,56,89560,16.71,17,4,HR,Male,Senior
1527,29,79811,5.2,34,2,Operations,Male,Lead
2789,44,110742,10.81,7,1,Operations,Other,Lead
1579,49,32839,8.87,4,3,Marketing,Male,Entry
1490,32,85506,13.2,7,3,HR,Other,Mid
1746,46,111816,8.24,3,6,Sales,Male,Lead
2120,27,116795,15.65,5,1,HR,Other,Senior
2533,55,71862,12.95,28,6,HR,Other,Lead
1634,47,145359,8.02,22,2,HR,Male,Entry
1202,22,58602,5.78,1,9,Engineering,Male,Lead
2515,41,81098,7.71,18,8,Engineering,Other,Mid
1241,56,140990,9.75,13,4,Engineering,Female,Mid
2922,56,80124,8.5,15,7,Sales,Other,Senior
1158,58,40634,14.61,23,6,Operations,Female,Lead
2804,55,108860,6.99,2,5,Finance,Other,Lead
2226,43,127938,8.89,21,7,Engineering,Other,Senior
2216,45,52190,13.49,6,2,Finance,Other,Lead
1260,59,47630,14.08,1,1,Sales,Female,Entry
2191,53,91035,6.15,29,2,Operations,Male,Lead
1988,38,78454,17.97,28,1,Sales,Female,Mid
2678,35,119571,14.42,11,1,Finance,Female,Entry
2572,40,81151,8.4,21,3,HR,Male,Mid
2443,37,111532,8.49,26,6,HR,Male,Mid
2167,40,35463,16.7,17,1,Finance,Male,Lead
1051,25,82188,16.6,5,8,Operations,Female,Mid
2866,42,132797,6.46,6,8,Sales,Other,Lead
1727,35,60933,16.11,30,5,Marketing,Other,Senior
2837,43,77591,8.1,33,2,Operations,Female,Senior
2931,50,140816,8.32,30,5,Operations,Other,Mid
1969,23,38472,7.47,21,3,Operations,Male,Senior
1664,38,120536,15.59,3,9,HR,Male,Lead
1071,36,132154,8.69,15,9,HR,Other,Entry
2715,22,88608,10.32,34,5,Sales,Female,Lead
2414,27,45848,19.65,15,9,Engineering,Other,Entry
2131,22,72604,9.29,19,3,Finance,Male,Mid
2702,47,42237,15.14,8,1,Engineering,Other,Mid
1095,45,84823,18.16,26,7,Engineering,Male,Mid
1917,52,85296,7.84,9,3,Sales,Female,Senior
2417,32,106449,5.99,17,8,Sales,Other,Lead
2562,34,66188,11.34,8,8,Finance,Male,Lead
2622,35,91388,5.11,7,6,Finance,Other,Entry
2302,35,123547,7.93,14,1,Finance,Male,Entry
2480,38,33630,17.5,32,8,Operations,Male,Senior
2346,54,124333,12.39,30,6,HR,Female,Mid
2327,27,106708,8.77,5,6,Operations,Male,Senior
1914,33,134648,11.99,2,4,Sales,Female,Mid
2034,44,53567,18.44,14,9,Finance,Female,Lead
1321,36,91332,14.18,17,6,Sales,Male,Lead
2601,55,41390,5.32,21,5,Sales,Male,Mid
2484,59,74789,18.96,14,7,Operations,Male,Entry
1093,54,76851,17.71,6,4,Sales,Female,Entry
1948,43,102954,12.59,24,5,Marketing,Other,Entry
2524,51,143613,14.3,14,7,Finance,Other,Lead
1375,51,113986,9.25,24,5,Sales,Other,Entry
2251,51,94200,7.57,5,8,Engineering,Male,Entry
1586,46,37531,9.6,26,9,Operations,Female,Mid
2487,45,46859,10.55,6,9,Engineering,Other,Lead
2525,54,99338,15.47,3,3,Operations,Male,Senior
2233,56,46715,9.2,17,1,Engineering,Other,Entry
1396,26,92946,12.49,22,1,HR,Other,Senior
1729,23,102055,13.91,19,7,Sales,Female,Lead
1428,47,147322,8.82,17,4,HR,Male,Entry
1439,57,39596,8.48,22,9,HR,Male,Lead
2239,53,101425,12.27,25,3,Engineering,Female,Mid
2712,46,119678,11.51,21,2,Marketing,Female,Mid
1366,33,87804,11.37,32,3,Marketing,Other,Senior
1278,27,87713,19.12,18,9,Marketing,Female,Mid
2857,39,91997,6.24,21,4,Engineering,Male,Mid
2248,41,108033,10.2,9,5,Sales,Other,Mid
2694,29,129532,10.58,26,7,Sales,Female,Senior
2301,25,66027,12.38,34,2,Engineering,Male,Mid
2925,51,94110,17.95,33,7,HR,Female,Senior
2899,30,81374,15.15,6,3,HR,Female,Lead
1065,37,109364,5.69,6,4,HR,Other,Lead
2219,24,76737,12.7,11,1,Sales,Female,Lead
1825,23,72870,6.76,33,4,Operations,Other,Mid
1959,42,116516,7.13,30,6,Marketing,Female,Senior
1232,41,46531,6.78,6,6,Engineering,Male,Senior
1385,58,118199,17.0,1,4,Engineering,Male,Entry
1423,44,43944,17.09,25,6,Engineering,Other,Entry
1511,28,129134,8.33,33,9,Engineering,Female,Senior
2970,48,37659,9.22,9,4,Sales,Other,Mid
2930,34,118839,18.67,12,5,Marketing,Female,Entry
1824,34,61852,14.87,9,9,Sales,Male,Lead
2151,30,124611,8.23,25,8,Sales,Male,Entry
1925,31,93278,8.16,20,1,Operations,Male,Entry
2796,57,117697,15.61,30,6,HR,Other,Lead
1793,59,36530,7.34,13,3,Sales,Other,Entry
2360,39,78515,7.26,28,7,Sales,Female,Senior
2550,37,51826,18.74,14,1,Operations,Female,Mid
1016,51,148947,13.2,5,6,Finance,Female,Entry
1484,35,90603,18.07,12,4,Marketing,Other,Mid
1074,28,122062,5.01,18,2,Finance,Male,Lead
2959,37,56423,9.67,3,9,Operations,Male,Senior
1968,59,138400,7.98,19,7,Finance,Female,Lead
2881,23,115179,19.15,31,9,Engineering,Other,Lead
1294,24,94379,16.1,16,2,Operations,Female,Mid
2326,39,70603,14.78,26,7,Finance,Male,Mid
1846,56,54217,17.81,1,6,Sales,Male,Mid
1324,23,78758,5.1,1,9,Sales,Male,Entry
1828,58,145357,15.48,30,6,Operations,Female,Entry
1139,54,35542,5.68,14,1,HR,Male,Senior
1349,47,53387,11.58,23,6,Finance,Other,Senior
2738,40,62402,6.96,7,5,Operations,Other,Lead
1438,42,130483,9.07,15,9,Marketing,Female,Mid
2948,41,63870,11.16,1,5,Engineering,Male,Entry
1115,34,110354,11.01,32,8,Engineering,Male,Mid
1473,52,125286,8.18,25,5,Finance,Female,Lead
1989,41,58365,8.74,4,2,Finance,Other,Mid
1908,36,67346,18.93,34,2,Sales,Other,Mid
2577,49,111442,6.75,1,4,Sales,Other,Entry
1958,36,32659,9.17,7,4,Finance,Other,Mid
2821,51,138374,17.06,7,7,Operations,Female,Mid
1721,36,42819,19.3,24,2,Engineering,Male,Entry
2521,54,66304,7.44,25,1,Finance,Female,Entry
2340,54,47297,17.1,10,4,Sales,Female,Entry
2826,34,48135,7.27,16,6,HR,Female,Lead
1368,37,33754,13.96,27,6,Engineering,Other,Mid
2407,57,89500,19.83,23,2,HR,Female,Lead
1017,59,103822,7.7,19,1,Finance,Other,Lead
1067,45,127033,7.67,33,2,Finance,Other,Entry
2208,39,67383,9.71,18,9,Marketing,Other,Entry
2914,24,91240,9.56,11,3,HR,Other,Mid
2362,23,113820,19.87,19,8,HR,Male,Senior
2886,24,132518,19.8,16,7,Marketing,Female,Lead
2962,55,108257,5.02,29,3,Sales,Other,Senior
1702,27,108258,6.05,17,1,HR,Male,Entry
2905,23,50447,16.9,16,7,Finance,Female,Senior
1441,58,137539,18.55,31,9,HR,Female,Senior
1990,41,102766,15.76,6,1,Marketing,Male,Lead
1513,25,80288,18.22,3,4,Engineering,Other,Lead
1687,25,116544,12.41,21,7,Sales,Male,Entry
1122,36,39956,9.44,6,6,Finance,Other,Entry
1562,45,92812,6.56,22,1,Engineering,Male,Senior
2597,55,38068,7.47,23,8,Finance,Other,Lead
1010,57,124473,10.31,28,9,Sales,Male,Lead
1073,46,76332,18.42,31,9,Engineering,Other,Lead
2840,47,84336,10.97,15,2,HR,Female,Senior
1755,57,48658,10.94,31,7,Engineering,Male,Senior
1515,27,55051,15.46,14,1,HR,Other,Mid
1954,47,45223,13.15,20,9,Sales,Male,Entry
1007,32,134211,11.23,21,8,Engineering,Female,Senior
1543,56,76850,8.47,15,4,Operations,Male,Lead
1625,22,133864,11.96,0,5,Marketing,Other,Senior
1628,22,47073,18.33,34,3,Engineering,Male,Senior
2331,26,121703,15.52,11,3,HR,Male,Senior
2952,41,88585,15.1,25,1,Finance,Female,Mid
2599,23,37295,5.21,14,6,Finance,Other,Lead
2410,28,72261,12.2,6,6,Sales,Female,Lead
1649,32,50644,5.09,18,8,Sales,Other,Entry
1493,30,72092,19.18,14,7,Finance,Other,Mid
1855,56,125665,8.79,4,6,HR,Female,Senior
2271,34,147154,13.03,33,8,Operations,Female,Entry
2105,39,130311,18.49,34,6,Marketing,Other,Entry
1757,55,94166,18.38,2,1,HR,Female,Lead
2692,42,141645,9.09,18,8,Engineering,Other,Lead
2029,50,84869,6.13,15,4,HR,Other,Mid
2629,49,133546,6.7,7,5,Engineering,Male,Senior
2773,42,128826,7.72,23,6,Marketing,Female,Entry
1993,28,43947,16.36,24,8,Operations,Male,Senior
1680,44,101707,18.03,14,7,Finance,Other,Lead
2672,22,106112,8.12,29,9,HR,Other,Mid
2771,30,148295,9.91,12,7,Finance,Male,Entry
2844,45,63002,17.18,25,2,Marketing,Female,Entry
1557,53,113369,17.47,30,6,Operations,Other,Lead
2664,41,63204,19.52,3,2,Finance,Other,Lead
1933,34,139869,11.47,25,9,Engineering,Male,Senior
1927,27,142782,17.85,2,5,Operations,Female,Entry
1165,53,134131,9.07,16,5,Finance,Male,Mid
1960,30,104567,9.7,28,3,Operations,Male,Mid
1516,52,57386,16.29,27,1,Sales,Female,Lead
2740,55,35793,9.76,8,8,Engineering,Female,Senior
2613,57,38605,8.66,34,6,HR,Other,Senior
2265,33,101975,16.86,9,6,Finance,Other,Entry
1534,59,87418,12.19,6,3,HR,Male,Entry
1689,24,80669,11.92,18,4,Operations,Other,Senior
1646,42,141487,19.0,16,5,Finance,Other,Entry
2530,59,36142,6.75,27,8,Finance,Other,Mid
2209,52,143816,8.72,28,6,Engineering,Female,Entry
2351,59,52852,13.88,10,4,Finance,Other,Mid
2846,45,146236,16.93,30,5,Engineering,Other,Senior
2687,59,137507,16.1,9,3,Marketing,Male,Mid
1692,48,99184,19.24,0,2,Engineering,Other,Entry
2143,26,116716,6.61,8,9,Sales,Male,Entry
2569,39,56943,10.13,30,2,Engineering,Other,Entry
2367,23,49799,9.62,5,2,Sales,Female,Mid
1029,58,53429,6.63,21,5,Marketing,Male,Entry
2957,53,128934,14.91,1,5,Finance,Male,Senior
1787,49,59139,19.8,3,1,Operations,Male,Entry
2898,24,101354,17.31,9,5,Sales,Other,Entry
2073,33,122491,7.09,23,2,Operations,Other,Senior
1293,52,90703,12.75,5,5,Engineering,Other,Lead
1826,41,149796,17.0,2,4,Finance,Other,Entry
2461,48,114754,10.99,15,6,Finance,Male,Lead
1627,25,77299,11.23,20,2,Finance,Other,Mid
2750,42,136693,9.78,0,2,Sales,Female,Lead
2935,37,109303,7.57,33,5,Sales,Other,Lead
1085,54,124397,5.87,18,7,Operations,Male,Entry
2412,32,57716,6.22,25,7,Engineering,Other,Lead
1383,54,131604,11.41,32,6,HR,Male,Senior
1904,34,88067,6.85,10,5,Sales,Other,Mid
2153,23,143504,13.39,8,9,Finance,Other,Lead
2829,57,77377,5.82,11,8,Engineering,Female,Mid
1567,47,143737,12.82,16,1,Finance,Female,Mid
2242,50,116120,8.24,5,9,HR,Female,Senior
1499,30,73934,12.68,3,9,HR,Female,Lead
1589,51,37710,10.79,0,8,Marketing,Male,Lead
1059,52,90545,14.05,27,4,Sales,Female,Senior
1474,40,36643,9.67,32,3,Finance,Female,Mid
1617,58,126044,17.32,27,3,Marketing,Male,Mid
2584,33,40503,7.95,6,8,Sales,Other,Lead
2400,22,55372,18.42,12,3,HR,Male,Lead
2534,32,128668,15.18,10,2,Marketing,Other,Senior
2343,40,74014,16.66,26,7,Operations,Male,Entry
2592,49,62792,11.99,23,1,Engineering,Other,Entry
1038,47,46920,7.64,16,8,Engineering,Female,Mid
2458,39,76840,18.99,29,7,Operations,Female,Senior
1998,44,82142,15.95,9,7,Marketing,Female,Senior
2830,41,53554,7.74,31,5,Sales,Other,Mid
2268,27,148696,6.58,1,2,Operations,Female,Mid
1133,49,133141,15.9,16,3,Finance,Other,Entry
2782,33,35842,15.85,30,9,Marketing,Other,Senior
2744,40,46209,7.74,9,4,Marketing,Female,Lead
1272,25,72600,6.74,21,1,Marketing,Male,Senior
2549,41,78933,16.87,9,7,Operations,Female,Senior
1164,58,40749,8.79,16,7,Operations,Male,Mid
1061,29,122822,16.77,9,2,Operations,Other,Lead
2990,45,95344,14.37,21,3,Operations,Male,Entry
2294,24,66268,9.18,1,8,HR,Female,Mid
1131,27,36548,17.4,29,6,Engineering,Female,Senior
1903,59,108112,16.6,26,1,Sales,Female,Senior
1801,47,139472,11.63,12,7,Operations,Other,Lead
2394,48,53173,5.2,12,2,Engineering,Male,Mid
2910,29,85350,12.03,6,6,Operations,Male,Lead
2266,58,52785,7.12,8,2,Operations,Male,Senior
1342,37,138255,9.91,11,5,Sales,Female,Senior
1978,28,99624,5.9,8,4,Operations,Other,Lead
2071,24,62174,13.49,4,7,Marketing,Male,Lead
1967,32,38787,11.79,15,1,Operations,Male,Entry
1194,47,120353,7.7,25,9,Marketing,Female,Senior
2743,44,126867,15.41,11,2,Sales,Female,Senior
2820,46,106396,14.31,18,2,Finance,Female,Entry
2544,29,45072,9.79,13,3,Finance,Other,Entry
1283,52,35978,6.55,4,6,HR,Male,Senior
1758,29,78563,9.59,21,5,Marketing,Female,Entry
1999,40,86307,19.1,24,2,Operations,Other,Senior
1111,30,87022,7.16,2,4,Marketing,Female,Lead
2799,25,35355,18.29,27,8,Finance,Male,Senior
2159,46,47087,8.16,12,2,Engineering,Female,Mid
2557,32,120102,9.89,4,3,Finance,Other,Mid
2768,35,45372,14.17,25,8,Sales,Other,Lead
2649,22,130859,5.7,6,4,Marketing,Other,Senior
1582,56,72821,16.61,12,4,Operations,Female,Lead
2184,46,51386,15.86,10,1,Sales,Male,Mid
2865,54,69779,18.68,33,5,Engineering,Male,Entry
2553,43,55518,7.93,20,5,Marketing,Male,Entry
1584,39,47069,13.12,9,8,HR,Male,Entry
1177,59,85316,5.31,17,2,Finance,Other,Senior
1320,44,114080,11.74,3,8,HR,Female,Senior
1762,47,109025,7.52,11,6,Operations,Female,Mid
2369,34,123762,14.22,32,9,HR,Male,Senior
1069,46,149425,17.12,13,8,HR,Female,Lead
2155,30,126038,15.69,1,3,Operations,Male,Senior
2473,24,105774,16.56,24,7,Marketing,Male,Entry
2429,50,30340,15.0,28,2,Sales,Other,Mid
1661,45,72891,5.24,23,6,Finance,Male,Entry
2594,45,116156,5.22,26,3,HR,Female,Mid
2618,23,148343,18.25,17,5,Operations,Other,Lead
2676,26,68333,16.72,10,4,Marketing,Female,Senior
1394,53,68787,14.57,29,8,Sales,Female,Mid
1874,46,99615,8.98,19,7,Marketing,Other,Lead
1645,58,132263,18.55,8,3,Engineering,Female,Mid
2091,35,108002,17.67,13,9,HR,Female,Lead
1833,36,31125,17.27,31,6,Marketing,Other,Entry
1301,23,56806,18.88,23,2,Finance,Male,Entry
2180,58,52207,6.96,23,2,Finance,Other,Entry
2854,57,87134,18.55,8,7,Marketing,Male,Senior
1123,50,134444,13.91,0,2,Finance,Male,Senior
2003,50,109676,7.6,1,1,Sales,Other,Mid
2062,57,121170,18.44,27,4,HR,Male,Senior
2659,33,146276,14.79,18,4,Sales,Male,Entry
2927,43,50936,19.66,10,8,Engineering,Male,Entry
1264,55,82161,10.0,11,2,Marketing,Female,Senior
2602,57,136752,17.29,23,7,HR,Male,Senior
1522,24,105564,12.97,31,3,Finance,Female,Lead
1185,54,63160,14.48,19,4,Finance,Other,Entry
1580,50,98920,14.08,9,2,Finance,Female,Mid
2046,53,97028,16.9,17,5,Operations,Other,Entry
2726,54,88161,8.37,8,6,Marketing,Male,Lead
1056,31,48268,19.4,15,6,Engineering,Male,Mid
2688,41,38244,14.18,33,4,Operations,Male,Lead
2717,52,146572,15.96,26,9,Engineering,Male,Senior
2107,57,147082,11.66,16,9,Marketing,Female,Entry
1997,51,108610,11.6,22,6,Operations,Female,Mid
2387,50,114092,12.48,23,5,Operations,Other,Lead
1830,38,86481,12.71,6,1,Finance,Other,Mid
1099,48,64171,16.28,26,2,Sales,Male,Mid
1466,33,66060,11.21,15,3,Marketing,Male,Entry
1856,42,30645,19.08,17,5,Finance,Male,Mid
1615,44,79733,5.95,19,2,Operations,Male,Entry
1915,23,68547,16.6,1,5,Operations,Female,Entry
2249,26,100194,11.12,16,5,Marketing,Male,Lead
1190,24,33631,7.58,14,1,Finance,Male,Entry
2045,35,88929,11.35,10,7,Marketing,Male,Entry
1518,48,141562,18.11,11,8,HR,Female,Mid
1587,23,67051,11.22,20,7,HR,Male,Senior
1886,54,43230,16.59,31,9,Finance,Female,Lead
1244,54,94027,6.06,25,9,Finance,Male,Senior
2147,40,149664,8.74,29,1,Marketing,Male,Entry
2838,49,92261,9.7,4,3,Sales,Female,Entry
2934,51,58151,12.91,10,8,Marketing,Female,Senior
1906,57,117969,9.18,0,5,Operations,Male,Lead
1219,30,71991,6.87,15,5,Finance,Male,Lead
2608,36,123718,10.61,22,2,Sales,Male,Lead
2144,54,84245,16.52,31,6,HR,Other,Mid
2354,52,107487,10.44,26,9,Finance,Other,Entry
1813,32,41205,5.67,11,9,Engineering,Female,Mid
1690,53,108021,19.1,11,7,Operations,Male,Lead
2657,58,131084,16.49,13,1,Marketing,Other,Senior
1150,45,77076,8.05,25,4,HR,Male,Entry
1263,48,65144,6.26,2,5,HR,Male,Entry
1039,23,61822,8.21,13,7,HR,Male,Senior
1100,56,71779,8.43,4,8,Operations,Female,Mid
2711,29,78688,13.58,33,9,Marketing,Female,Mid
2590,58,96624,8.27,31,9,Sales,Female,Entry
2748,28,121218,8.64,25,4,Engineering,Other,Lead
1992,49,41002,10.35,1,5,Operations,Other,Mid
2281,47,107872,16.43,4,6,HR,Male,Lead
1810,35,120724,19.88,4,9,HR,Female,Entry
1341,56,44571,16.14,28,8,HR,Male,Senior
2011,49,107175,13.75,19,1,Engineering,Female,Senior
1129,49,93037,11.9,25,5,HR,Female,Senior
1574,38,45078,10.8,18,7,Operations,Other,Mid
2316,46,77775,16.49,24,8,Operations,Female,Senior
1418,34,40805,19.14,29,2,HR,Female,Lead
1444,56,96549,10.23,4,7,Finance,Male,Lead
1591,54,43975,7.78,13,8,Finance,Female,Mid
2986,59,37006,6.62,16,3,Finance,Female,Lead
2160,56,42605,17.86,34,8,Sales,Male,Entry
1654,39,127239,19.42,16,4,Operations,Female,Mid
1257,43,69279,19.02,12,1,Engineering,Female,Mid
2426,34,146127,15.42,22,9,HR,Female,Senior
2212,39,82893,13.49,18,5,Engineering,Other,Lead
1530,34,130037,5.23,21,1,Engineering,Male,Entry
2813,57,50808,11.24,7,8,Finance,Other,Senior
1864,46,48888,8.79,15,3,HR,Female,Lead
1223,24,124294,6.46,5,4,HR,Female,Lead
2498,59,96418,12.49,31,4,Operations,Male,Mid
2060,40,126136,16.18,19,2,Marketing,Male,Entry
2809,49,56654,5.01,32,2,Marketing,Female,Entry
1714,51,89634,5.37,17,7,HR,Male,Senior
1395,22,143767,17.5,9,3,Finance,Other,Mid
1025,49,144099,19.92,21,3,HR,Other,Lead
1197,41,81431,6.83,25,5,HR,Male,Lead
2939,33,75671,6.83,1,6,Finance,Other,Mid
2973,32,107240,15.99,32,5,Finance,Male,Mid
2874,53,66021,5.96,16,6,Marketing,Other,Lead
2571,39,30276,5.19,5,3,Finance,Male,Entry
2399,31,48800,17.23,22,1,Finance,Female,Lead
1234,46,124439,15.72,25,2,Sales,Female,Lead
2843,31,139819,18.82,31,8,Finance,Male,Lead
1774,51,105939,8.11,4,8,Sales,Other,Mid
2801,34,104619,5.28,34,3,Marketing,Other,Mid
1045,35,41871,15.47,18,6,Engineering,Other,Entry
1814,57,85661,6.9,12,3,Operations,Female,Entry
1565,49,72963,11.39,20,6,Sales,Other,Mid
1458,51,91627,11.44,10,3,Engineering,Female,Lead
1117,53,126410,17.35,6,5,Operations,Female,Lead
1149,54,130689,8.01,21,9,Marketing,Female,Mid
2185,39,113276,15.36,33,7,HR,Male,Mid
1092,55,127539,11.23,12,8,Sales,Female,Mid
1509,43,106256,11.12,17,9,Marketing,Male,Mid
2507,45,136233,14.25,18,5,Sales,Male,Entry
1258,51,139787,11.46,22,2,Sales,Other,Mid
2560,44,57103,17.03,13,3,Marketing,Male,Entry
